pc_time_iso,time_ms,heading,roll,pitch,ax,ay,az,gx,gy,gz,activity,subject,trial
2026-04-19T18:58:48.035,,174.50,-82.44,26.81,,,,,,,stand_to_sit,aswin,01
2026-04-19T18:58:48.066,,174.50,-82.44,26.81,,,,,,,stand_to_sit,aswin,01
2026-04-19T18:58:48.098,,174.50,-82.44,26.81,,,,,,,stand_to_sit,aswin,01
2026-04-19T18:58:48.129,,174.50,-82.44,26.81,,,,,,,stand_to_sit,aswin,01
2026-04-19T18:58:48.167,,174.50,-82.44,26.81,,,,,,,stand_to_sit,aswin,01
2026-04-19T18:58:48.220,,174.50,-82.44,26.81,,,,,,,stand_to_sit,aswin,01
2026-04-19T18:58:48.225,,174.50,-82.44,26.81,,,,,,,stand_to_sit,aswin,01
2026-04-19T18:58:48.256,,174.50,-82.44,26.81,,,,,,,stand_to_sit,aswin,01
2026-04-19T18:58:48.287,,174.50,-82.44,26.81,,,,,,,stand_to_sit,aswin,01
2026-04-19T18:58:48.319,,174.50,-82.44,26.81,,,,,,,stand_to_sit,aswin,01
2026-04-19T18:58:48.354,,174.50,-82.44,26.81,,,,,,,stand_to_sit,aswin,01
2026-04-19T18:58:48.384,,174.50,-82.44,26.81,,,,,,,stand_to_sit,aswin,01
2026-04-19T18:58:48.415,,174.50,-82.44,26.81,,,,,,,stand_to_sit,aswin,01
2026-04-19T18:58:48.446,,174.50,-82.44,26.81,,,,,,,stand_to_sit,aswin,01
2026-04-19T18:58:48.477,,174.50,-82.44,26.81,,,,,,,stand_to_sit,aswin,01
2026-04-19T18:58:48.509,,174.50,-82.44,26.81,,,,,,,stand_to_sit,aswin,01
2026-04-19T18:58:48.542,,174.50,-82.44,26.81,,,,,,,stand_to_sit,aswin,01
2026-04-19T18:58:48.573,,174.50,-82.44,26.81,,,,,,,stand_to_sit,aswin,01
2026-04-19T18:58:48.605,,174.50,-82.44,26.81,,,,,,,stand_to_sit,aswin,01
2026-04-19T18:58:48.635,,174.50,-82.44,26.81,,,,,,,stand_to_sit,aswin,01
2026-04-19T18:58:48.668,,174.50,-82.44,26.81,,,,,,,stand_to_sit,aswin,01
2026-04-19T18:58:48.734,,174.50,-82.44,26.81,,,,,,,stand_to_sit,aswin,01
2026-04-19T18:58:48.734,,174.50,-82.44,26.81,,,,,,,stand_to_sit,aswin,01
2026-04-19T18:58:48.761,,174.50,-82.44,26.81,,,,,,,stand_to_sit,aswin,01
2026-04-19T18:58:48.797,,174.50,-82.44,26.81,,,,,,,stand_to_sit,aswin,01
2026-04-19T18:58:48.827,,174.50,-82.44,26.81,,,,,,,stand_to_sit,aswin,01
2026-04-19T18:58:48.857,,174.50,-82.44,26.81,,,,,,,stand_to_sit,aswin,01
2026-04-19T18:58:48.888,,174.50,-82.44,26.81,,,,,,,stand_to_sit,aswin,01
2026-04-19T18:58:48.919,,174.50,-82.44,26.81,,,,,,,stand_to_sit,aswin,01
2026-04-19T18:58:48.949,,174.50,-82.44,26.81,,,,,,,stand_to_sit,aswin,01
2026-04-19T18:58:48.982,,174.50,-82.44,26.81,,,,,,,stand_to_sit,aswin,01
2026-04-19T18:58:49.013,,174.50,-82.44,26.81,,,,,,,stand_to_sit,aswin,01
2026-04-19T18:58:49.047,,174.50,-82.44,26.81,,,,,,,stand_to_sit,aswin,01
2026-04-19T18:58:49.078,,174.50,-82.44,26.81,,,,,,,stand_to_sit,aswin,01
2026-04-19T18:58:49.108,,174.50,-82.44,26.81,,,,,,,stand_to_sit,aswin,01
2026-04-19T18:58:49.145,,174.50,-82.44,26.81,,,,,,,stand_to_sit,aswin,01
2026-04-19T18:58:49.172,,174.50,-82.44,26.81,,,,,,,stand_to_sit,aswin,01
2026-04-19T18:58:49.204,,174.50,-82.44,26.81,,,,,,,stand_to_sit,aswin,01
2026-04-19T18:58:49.235,,174.50,-82.44,26.81,,,,,,,stand_to_sit,aswin,01
2026-04-19T18:58:49.267,,174.50,-82.44,26.81,,,,,,,stand_to_sit,aswin,01
2026-04-19T18:58:49.299,,174.50,-82.44,26.81,,,,,,,stand_to_sit,aswin,01
2026-04-19T18:58:49.332,,174.50,-82.44,26.81,,,,,,,stand_to_sit,aswin,01
2026-04-19T18:58:49.361,,174.50,-82.44,26.75,,,,,,,stand_to_sit,aswin,01
2026-04-19T18:58:49.392,,174.50,-82.44,26.75,,,,,,,stand_to_sit,aswin,01
2026-04-19T18:58:49.423,,174.44,-82.44,26.75,,,,,,,stand_to_sit,aswin,01
2026-04-19T18:58:49.456,,174.44,-82.44,26.75,,,,,,,stand_to_sit,aswin,01
2026-04-19T18:58:49.486,,174.38,-82.44,26.75,,,,,,,stand_to_sit,aswin,01
2026-04-19T18:58:49.519,,174.31,-82.50,26.69,,,,,,,stand_to_sit,aswin,01
2026-04-19T18:58:49.552,,174.31,-82.50,26.50,,,,,,,stand_to_sit,aswin,01
2026-04-19T18:58:49.581,,174.25,-82.56,26.38,,,,,,,stand_to_sit,aswin,01
2026-04-19T18:58:49.612,,174.12,-82.50,26.25,,,,,,,stand_to_sit,aswin,01
2026-04-19T18:58:49.643,,174.00,-82.50,26.06,,,,,,,stand_to_sit,aswin,01
2026-04-19T18:58:49.675,,173.88,-82.38,25.81,,,,,,,stand_to_sit,aswin,01
2026-04-19T18:58:49.706,,173.69,-82.25,25.50,,,,,,,stand_to_sit,aswin,01
2026-04-19T18:58:49.737,,173.38,-82.12,25.00,,,,,,,stand_to_sit,aswin,01
2026-04-19T18:58:49.769,,173.00,-81.88,24.38,,,,,,,stand_to_sit,aswin,01
2026-04-19T18:58:49.802,,172.44,-81.56,23.75,,,,,,,stand_to_sit,aswin,01
2026-04-19T18:58:49.831,,171.81,-80.69,23.56,,,,,,,stand_to_sit,aswin,01
2026-04-19T18:58:49.862,,171.50,-79.75,24.19,,,,,,,stand_to_sit,aswin,01
2026-04-19T18:58:49.894,,171.38,-78.88,25.31,,,,,,,stand_to_sit,aswin,01
2026-04-19T18:58:49.925,,171.56,-78.25,27.00,,,,,,,stand_to_sit,aswin,01
2026-04-19T18:58:49.958,,172.12,-77.94,29.06,,,,,,,stand_to_sit,aswin,01
2026-04-19T18:58:49.989,,172.94,-78.00,31.25,,,,,,,stand_to_sit,aswin,01
2026-04-19T18:58:50.027,,173.75,-78.25,33.31,,,,,,,stand_to_sit,aswin,01
2026-04-19T18:58:50.053,,174.31,-78.56,34.81,,,,,,,stand_to_sit,aswin,01
2026-04-19T18:58:50.083,,174.12,-78.75,34.75,,,,,,,stand_to_sit,aswin,01
2026-04-19T18:58:50.115,,173.62,-78.94,33.94,,,,,,,stand_to_sit,aswin,01
2026-04-19T18:58:50.145,,173.00,-79.19,32.38,,,,,,,stand_to_sit,aswin,01
2026-04-19T18:58:50.178,,172.19,-79.56,29.94,,,,,,,stand_to_sit,aswin,01
2026-04-19T18:58:50.212,,171.19,-80.06,26.25,,,,,,,stand_to_sit,aswin,01
2026-04-19T18:58:50.243,,170.12,-80.50,21.81,,,,,,,stand_to_sit,aswin,01
2026-04-19T18:58:50.274,,168.81,-81.06,14.69,,,,,,,stand_to_sit,aswin,01
2026-04-19T18:58:50.306,,167.88,-81.25,7.88,,,,,,,stand_to_sit,aswin,01
2026-04-19T18:58:50.335,,166.62,-81.25,1.00,,,,,,,stand_to_sit,aswin,01
2026-04-19T18:58:50.369,,165.62,-81.12,-5.19,,,,,,,stand_to_sit,aswin,01
2026-04-19T18:58:50.397,,165.31,-81.00,-9.94,,,,,,,stand_to_sit,aswin,01
2026-04-19T18:58:50.431,,165.62,-80.94,-12.62,,,,,,,stand_to_sit,aswin,01
2026-04-19T18:58:50.464,,166.81,-81.06,-11.00,,,,,,,stand_to_sit,aswin,01
2026-04-19T18:58:50.494,,167.69,-81.44,-3.00,,,,,,,stand_to_sit,aswin,01
2026-04-19T18:58:50.525,,167.31,-81.62,5.06,,,,,,,stand_to_sit,aswin,01
2026-04-19T18:58:50.556,,167.06,-81.81,13.94,,,,,,,stand_to_sit,aswin,01
2026-04-19T18:58:50.587,,167.00,-82.00,23.31,,,,,,,stand_to_sit,aswin,01
2026-04-19T18:58:50.621,,167.69,-82.06,32.81,,,,,,,stand_to_sit,aswin,01
2026-04-19T18:58:50.652,,169.12,-82.06,41.50,,,,,,,stand_to_sit,aswin,01
2026-04-19T18:58:50.689,,170.44,-81.88,48.50,,,,,,,stand_to_sit,aswin,01
2026-04-19T18:58:50.714,,171.69,-82.00,49.19,,,,,,,stand_to_sit,aswin,01
2026-04-19T18:58:50.745,,171.81,-82.06,50.06,,,,,,,stand_to_sit,aswin,01
2026-04-19T18:58:50.777,,171.94,-82.19,51.19,,,,,,,stand_to_sit,aswin,01
2026-04-19T18:58:50.809,,172.19,-82.25,52.12,,,,,,,stand_to_sit,aswin,01
2026-04-19T18:58:50.840,,172.25,-82.31,53.00,,,,,,,stand_to_sit,aswin,01
2026-04-19T18:58:50.872,,172.50,-82.38,54.06,,,,,,,stand_to_sit,aswin,01
2026-04-19T18:58:50.904,,172.56,-82.44,55.44,,,,,,,stand_to_sit,aswin,01
2026-04-19T18:58:50.935,,172.75,-82.44,57.00,,,,,,,stand_to_sit,aswin,01
2026-04-19T18:58:50.966,,172.94,-82.38,59.19,,,,,,,stand_to_sit,aswin,01
2026-04-19T18:58:50.996,,173.19,-82.44,60.81,,,,,,,stand_to_sit,aswin,01
2026-04-19T18:58:51.027,,173.25,-82.50,62.25,,,,,,,stand_to_sit,aswin,01
2026-04-19T18:58:51.068,,173.44,-82.56,63.38,,,,,,,stand_to_sit,aswin,01
2026-04-19T18:58:51.090,,173.38,-82.75,64.19,,,,,,,stand_to_sit,aswin,01
2026-04-19T18:58:51.131,,173.25,-82.94,64.62,,,,,,,stand_to_sit,aswin,01
2026-04-19T18:58:51.157,,173.19,-83.12,64.88,,,,,,,stand_to_sit,aswin,01
2026-04-19T18:58:51.190,,173.06,-83.25,6.06,,,,,,,stand_to_sit,aswin,01
2026-04-19T18:58:51.220,,172.94,-83.44,5.88,,,,,,,stand_to_sit,aswin,01
2026-04-19T18:58:51.249,,172.88,-83.50,5.81,,,,,,,stand_to_sit,aswin,01
2026-04-19T18:58:51.279,,172.81,-83.56,5.75,,,,,,,stand_to_sit,aswin,01
2026-04-19T18:58:51.317,,172.88,-83.56,5.75,,,,,,,stand_to_sit,aswin,01
2026-04-19T18:58:51.341,,172.81,-83.56,5.75,,,,,,,stand_to_sit,aswin,01
2026-04-19T18:58:51.382,,172.81,-83.56,5.75,,,,,,,stand_to_sit,aswin,01
2026-04-19T18:58:51.415,,172.81,-83.56,5.75,,,,,,,stand_to_sit,aswin,01
2026-04-19T18:58:51.438,,172.81,-83.62,5.69,,,,,,,stand_to_sit,aswin,01
2026-04-19T18:58:51.471,,172.75,-83.62,5.69,,,,,,,stand_to_sit,aswin,01
2026-04-19T18:58:51.505,,172.75,-83.69,5.62,,,,,,,stand_to_sit,aswin,01
2026-04-19T18:58:51.536,,172.69,-83.75,5.56,,,,,,,stand_to_sit,aswin,01
2026-04-19T18:58:51.563,,172.69,-83.75,5.50,,,,,,,stand_to_sit,aswin,01
2026-04-19T18:58:51.600,,172.62,-83.81,5.50,,,,,,,stand_to_sit,aswin,01
2026-04-19T18:58:51.632,,172.69,-83.75,5.50,,,,,,,stand_to_sit,aswin,01
2026-04-19T18:58:51.671,,172.75,-83.75,5.50,,,,,,,stand_to_sit,aswin,01
2026-04-19T18:58:51.688,,172.81,-83.62,5.62,,,,,,,stand_to_sit,aswin,01
2026-04-19T18:58:51.721,,172.94,-83.50,5.75,,,,,,,stand_to_sit,aswin,01
2026-04-19T18:58:51.749,,173.12,-83.38,5.88,,,,,,,stand_to_sit,aswin,01
2026-04-19T18:58:51.781,,173.25,-83.19,6.06,,,,,,,stand_to_sit,aswin,01
2026-04-19T18:58:51.811,,173.44,-83.06,64.00,,,,,,,stand_to_sit,aswin,01
2026-04-19T18:58:51.842,,173.56,-82.88,64.12,,,,,,,stand_to_sit,aswin,01
2026-04-19T18:58:51.876,,173.94,-82.69,64.44,,,,,,,stand_to_sit,aswin,01
2026-04-19T18:58:51.918,,174.19,-82.50,64.88,,,,,,,stand_to_sit,aswin,01
2026-04-19T18:58:51.939,,174.38,-82.25,65.25,,,,,,,stand_to_sit,aswin,01
2026-04-19T18:58:51.969,,174.69,-81.94,65.88,,,,,,,stand_to_sit,aswin,01
2026-04-19T18:58:52.000,,174.88,-81.69,66.25,,,,,,,stand_to_sit,aswin,01
2026-04-19T18:58:52.031,,175.12,-81.50,66.50,,,,,,,stand_to_sit,aswin,01
2026-04-19T18:58:52.103,,175.31,-81.38,66.56,,,,,,,stand_to_sit,aswin,01
2026-04-19T18:58:52.103,,175.44,-81.25,66.44,,,,,,,stand_to_sit,aswin,01
2026-04-19T18:58:52.127,,175.50,-81.12,66.12,,,,,,,stand_to_sit,aswin,01
2026-04-19T18:58:52.158,,175.56,-81.12,65.69,,,,,,,stand_to_sit,aswin,01
2026-04-19T18:58:52.189,,175.50,-81.12,65.19,,,,,,,stand_to_sit,aswin,01
2026-04-19T18:58:52.221,,175.50,-81.19,64.50,,,,,,,stand_to_sit,aswin,01
2026-04-19T18:58:52.253,,175.56,-81.19,64.00,,,,,,,stand_to_sit,aswin,01
2026-04-19T18:58:52.284,,175.50,-81.19,63.50,,,,,,,stand_to_sit,aswin,01
2026-04-19T18:58:52.314,,175.44,-81.19,62.94,,,,,,,stand_to_sit,aswin,01
2026-04-19T18:58:52.348,,175.38,-81.19,62.31,,,,,,,stand_to_sit,aswin,01
2026-04-19T18:58:52.378,,175.25,-81.19,61.56,,,,,,,stand_to_sit,aswin,01
2026-04-19T18:58:52.410,,175.25,-81.25,60.62,,,,,,,stand_to_sit,aswin,01
2026-04-19T18:58:52.445,,175.12,-81.31,59.62,,,,,,,stand_to_sit,aswin,01
2026-04-19T18:58:52.473,,175.06,-81.38,58.31,,,,,,,stand_to_sit,aswin,01
2026-04-19T18:58:52.506,,174.94,-81.44,57.50,,,,,,,stand_to_sit,aswin,01
2026-04-19T18:58:52.534,,174.81,-81.50,56.75,,,,,,,stand_to_sit,aswin,01
2026-04-19T18:58:52.566,,174.69,-81.56,56.06,,,,,,,stand_to_sit,aswin,01
2026-04-19T18:58:52.597,,174.50,-81.62,55.38,,,,,,,stand_to_sit,aswin,01
2026-04-19T18:58:52.629,,174.38,-81.75,54.56,,,,,,,stand_to_sit,aswin,01
2026-04-19T18:58:52.661,,174.12,-81.88,53.62,,,,,,,stand_to_sit,aswin,01
2026-04-19T18:58:52.698,,173.75,-82.06,52.25,,,,,,,stand_to_sit,aswin,01
2026-04-19T18:58:52.724,,173.12,-82.38,49.62,,,,,,,stand_to_sit,aswin,01
2026-04-19T18:58:52.755,,172.56,-82.62,46.62,,,,,,,stand_to_sit,aswin,01
2026-04-19T18:58:52.786,,172.00,-83.00,42.94,,,,,,,stand_to_sit,aswin,01
2026-04-19T18:58:52.817,,171.44,-83.31,4.19,,,,,,,stand_to_sit,aswin,01
2026-04-19T18:58:52.850,,171.06,-83.50,3.69,,,,,,,stand_to_sit,aswin,01
2026-04-19T18:58:52.881,,171.00,-83.50,3.56,,,,,,,stand_to_sit,aswin,01
2026-04-19T18:58:52.915,,171.38,-83.31,3.75,,,,,,,stand_to_sit,aswin,01
2026-04-19T18:58:52.944,,171.75,-83.00,37.38,,,,,,,stand_to_sit,aswin,01
2026-04-19T18:58:52.975,,172.50,-82.44,40.81,,,,,,,stand_to_sit,aswin,01
2026-04-19T18:58:53.006,,173.06,-82.00,43.19,,,,,,,stand_to_sit,aswin,01
2026-04-19T18:58:53.036,,173.69,-81.50,45.56,,,,,,,stand_to_sit,aswin,01
2026-04-19T18:58:53.070,,174.38,-81.00,47.62,,,,,,,stand_to_sit,aswin,01
2026-04-19T18:58:53.101,,175.06,-80.50,49.31,,,,,,,stand_to_sit,aswin,01
2026-04-19T18:58:53.138,,175.62,-80.00,50.75,,,,,,,stand_to_sit,aswin,01
2026-04-19T18:58:53.166,,176.44,-79.31,52.44,,,,,,,stand_to_sit,aswin,01
2026-04-19T18:58:53.198,,177.06,-78.88,53.56,,,,,,,stand_to_sit,aswin,01
2026-04-19T18:58:53.228,,177.62,-78.38,54.62,,,,,,,stand_to_sit,aswin,01
2026-04-19T18:58:53.258,,178.12,-77.81,55.69,,,,,,,stand_to_sit,aswin,01
2026-04-19T18:58:53.290,,178.75,-77.44,56.50,,,,,,,stand_to_sit,aswin,01
2026-04-19T18:58:53.324,,179.25,-77.06,57.19,,,,,,,stand_to_sit,aswin,01
2026-04-19T18:58:53.355,,179.88,-76.62,57.81,,,,,,,stand_to_sit,aswin,01
2026-04-19T18:58:53.386,,180.12,-76.38,58.25,,,,,,,stand_to_sit,aswin,01
2026-04-19T18:58:53.417,,180.44,-76.06,58.75,,,,,,,stand_to_sit,aswin,01
2026-04-19T18:58:53.448,,180.88,-75.81,59.62,,,,,,,stand_to_sit,aswin,01
2026-04-19T18:58:53.479,,181.38,-75.50,60.62,,,,,,,stand_to_sit,aswin,01
2026-04-19T18:58:53.510,,181.94,-75.19,61.62,,,,,,,stand_to_sit,aswin,01
2026-04-19T18:58:53.543,,182.44,-74.75,62.50,,,,,,,stand_to_sit,aswin,01
2026-04-19T18:58:53.575,,182.81,-74.31,63.12,,,,,,,stand_to_sit,aswin,01
2026-04-19T18:58:53.607,,183.44,-73.75,64.19,,,,,,,stand_to_sit,aswin,01
2026-04-19T18:58:53.638,,183.94,-73.31,65.06,,,,,,,stand_to_sit,aswin,01
2026-04-19T18:58:53.668,,184.31,-72.81,65.81,,,,,,,stand_to_sit,aswin,01
2026-04-19T18:58:53.701,,184.62,-72.25,66.25,,,,,,,stand_to_sit,aswin,01
2026-04-19T18:58:53.733,,184.81,-71.62,66.56,,,,,,,stand_to_sit,aswin,01
2026-04-19T18:58:53.764,,184.94,-71.12,66.75,,,,,,,stand_to_sit,aswin,01
2026-04-19T18:58:53.797,,184.94,-70.69,66.81,,,,,,,stand_to_sit,aswin,01
2026-04-19T18:58:53.828,,184.94,-70.19,67.06,,,,,,,stand_to_sit,aswin,01
2026-04-19T18:58:53.859,,185.19,-70.00,67.62,,,,,,,stand_to_sit,aswin,01
2026-04-19T18:58:53.891,,185.88,-69.81,68.44,,,,,,,stand_to_sit,aswin,01
2026-04-19T18:58:53.921,,186.56,-69.56,69.50,,,,,,,stand_to_sit,aswin,01
2026-04-19T18:58:53.952,,187.06,-69.25,70.19,,,,,,,stand_to_sit,aswin,01
2026-04-19T18:58:53.985,,187.25,-68.94,70.56,,,,,,,stand_to_sit,aswin,01
2026-04-19T18:58:54.016,,187.44,-68.62,70.94,,,,,,,stand_to_sit,aswin,01
2026-04-19T18:58:54.048,,187.50,-68.38,71.12,,,,,,,stand_to_sit,aswin,01
2026-04-19T18:58:54.079,,187.44,-68.12,71.25,,,,,,,stand_to_sit,aswin,01
2026-04-19T18:58:54.109,,187.25,-68.06,71.31,,,,,,,stand_to_sit,aswin,01
2026-04-19T18:58:54.140,,187.00,-68.19,71.12,,,,,,,stand_to_sit,aswin,01
2026-04-19T18:58:54.172,,186.56,-68.31,70.88,,,,,,,stand_to_sit,aswin,01
2026-04-19T18:58:54.204,,186.12,-68.69,70.62,,,,,,,stand_to_sit,aswin,01
2026-04-19T18:58:54.235,,185.94,-69.12,70.62,,,,,,,stand_to_sit,aswin,01
2026-04-19T18:58:54.268,,185.88,-69.69,70.88,,,,,,,stand_to_sit,aswin,01
2026-04-19T18:58:54.300,,185.94,-70.38,71.44,,,,,,,stand_to_sit,aswin,01
2026-04-19T18:58:54.330,,186.12,-71.38,72.44,,,,,,,stand_to_sit,aswin,01
2026-04-19T18:58:54.361,,186.06,-72.00,73.12,,,,,,,stand_to_sit,aswin,01
2026-04-19T18:58:54.394,,186.06,-72.62,74.00,,,,,,,stand_to_sit,aswin,01
2026-04-19T18:58:54.424,,186.25,-73.06,75.19,,,,,,,stand_to_sit,aswin,01
2026-04-19T18:58:54.456,,186.56,-73.38,76.75,,,,,,,stand_to_sit,aswin,01
2026-04-19T18:58:54.486,,187.06,-73.62,78.44,,,,,,,stand_to_sit,aswin,01
2026-04-19T18:58:54.518,,187.56,-73.75,80.12,,,,,,,stand_to_sit,aswin,01
2026-04-19T18:58:54.551,,188.00,-73.94,81.69,,,,,,,stand_to_sit,aswin,01
2026-04-19T18:58:54.580,,188.44,-74.06,83.25,,,,,,,stand_to_sit,aswin,01
2026-04-19T18:58:54.612,,188.56,-74.19,83.94,,,,,,,stand_to_sit,aswin,01
2026-04-19T18:58:54.643,,188.62,-74.25,84.12,,,,,,,stand_to_sit,aswin,01
2026-04-19T18:58:54.673,,188.56,-74.19,83.94,,,,,,,stand_to_sit,aswin,01
2026-04-19T18:58:54.704,,188.50,-74.19,83.56,,,,,,,stand_to_sit,aswin,01
2026-04-19T18:58:54.737,,188.38,-74.12,83.19,,,,,,,stand_to_sit,aswin,01
2026-04-19T18:58:54.771,,188.38,-74.12,83.06,,,,,,,stand_to_sit,aswin,01
2026-04-19T18:58:54.802,,188.38,-74.12,83.12,,,,,,,stand_to_sit,aswin,01
2026-04-19T18:58:54.833,,188.38,-74.12,83.31,,,,,,,stand_to_sit,aswin,01
2026-04-19T18:58:54.864,,188.44,-74.19,83.50,,,,,,,stand_to_sit,aswin,01
2026-04-19T18:58:54.898,,188.44,-74.19,83.62,,,,,,,stand_to_sit,aswin,01
2026-04-19T18:58:54.925,,188.44,-74.19,83.75,,,,,,,stand_to_sit,aswin,01
2026-04-19T18:58:54.957,,188.38,-74.19,83.62,,,,,,,stand_to_sit,aswin,01
2026-04-19T18:58:54.990,,188.38,-74.19,83.56,,,,,,,stand_to_sit,aswin,01
2026-04-19T18:58:55.022,,188.38,-74.19,83.62,,,,,,,stand_to_sit,aswin,01
2026-04-19T18:58:55.052,,188.38,-74.25,83.69,,,,,,,stand_to_sit,aswin,01
2026-04-19T18:58:55.084,,188.38,-74.25,83.69,,,,,,,stand_to_sit,aswin,01
2026-04-19T18:58:55.115,,188.38,-74.25,83.62,,,,,,,stand_to_sit,aswin,01
2026-04-19T18:58:55.146,,188.31,-74.25,83.69,,,,,,,stand_to_sit,aswin,01
2026-04-19T18:58:55.177,,188.31,-74.25,83.69,,,,,,,stand_to_sit,aswin,01
2026-04-19T18:58:55.209,,188.31,-74.25,83.75,,,,,,,stand_to_sit,aswin,01
2026-04-19T18:58:55.240,,188.31,-74.25,83.69,,,,,,,stand_to_sit,aswin,01
2026-04-19T18:58:55.273,,188.25,-74.31,83.62,,,,,,,stand_to_sit,aswin,01
2026-04-19T18:58:55.304,,188.25,-74.31,83.62,,,,,,,stand_to_sit,aswin,01
2026-04-19T18:58:55.335,,188.25,-74.31,83.62,,,,,,,stand_to_sit,aswin,01
2026-04-19T18:58:55.366,,188.19,-74.25,83.44,,,,,,,stand_to_sit,aswin,01
2026-04-19T18:58:55.397,,188.12,-74.25,83.12,,,,,,,stand_to_sit,aswin,01
2026-04-19T18:58:55.429,,188.06,-74.25,82.75,,,,,,,stand_to_sit,aswin,01
2026-04-19T18:58:55.459,,187.94,-74.19,82.38,,,,,,,stand_to_sit,aswin,01
2026-04-19T18:58:55.491,,187.81,-74.19,82.00,,,,,,,stand_to_sit,aswin,01
2026-04-19T18:58:55.524,,187.75,-74.12,81.75,,,,,,,stand_to_sit,aswin,01
2026-04-19T18:58:55.556,,187.75,-74.12,81.62,,,,,,,stand_to_sit,aswin,01
2026-04-19T18:58:55.586,,187.75,-74.19,81.75,,,,,,,stand_to_sit,aswin,01
2026-04-19T18:58:55.617,,187.75,-74.19,81.88,,,,,,,stand_to_sit,aswin,01
2026-04-19T18:58:55.648,,187.75,-74.19,81.94,,,,,,,stand_to_sit,aswin,01
2026-04-19T18:58:55.680,,187.81,-74.19,82.06,,,,,,,stand_to_sit,aswin,01
2026-04-19T18:58:55.711,,187.75,-74.19,82.06,,,,,,,stand_to_sit,aswin,01
2026-04-19T18:58:55.744,,187.75,-74.19,82.12,,,,,,,stand_to_sit,aswin,01
2026-04-19T18:58:55.774,,187.75,-74.19,82.00,,,,,,,stand_to_sit,aswin,01
2026-04-19T18:58:55.806,,187.75,-74.19,81.94,,,,,,,stand_to_sit,aswin,01
2026-04-19T18:58:55.836,,187.69,-74.19,81.88,,,,,,,stand_to_sit,aswin,01
2026-04-19T18:58:55.867,,187.69,-74.19,81.88,,,,,,,stand_to_sit,aswin,01
2026-04-19T18:58:55.899,,187.69,-74.19,81.81,,,,,,,stand_to_sit,aswin,01
2026-04-19T18:58:55.930,,187.62,-74.25,81.69,,,,,,,stand_to_sit,aswin,01
2026-04-19T18:58:55.961,,187.62,-74.19,81.62,,,,,,,stand_to_sit,aswin,01
2026-04-19T18:58:55.995,,187.56,-74.25,81.56,,,,,,,stand_to_sit,aswin,01
2026-04-19T18:58:56.026,,187.56,-74.25,81.56,,,,,,,stand_to_sit,aswin,01
2026-04-19T18:58:56.056,,187.44,-74.31,81.50,,,,,,,stand_to_sit,aswin,01
2026-04-19T18:58:56.089,,187.31,-74.38,81.25,,,,,,,stand_to_sit,aswin,01
2026-04-19T18:58:56.119,,187.19,-74.38,81.00,,,,,,,stand_to_sit,aswin,01
2026-04-19T18:58:56.150,,187.06,-74.38,80.69,,,,,,,stand_to_sit,aswin,01
2026-04-19T18:58:56.181,,186.94,-74.31,80.31,,,,,,,stand_to_sit,aswin,01
2026-04-19T18:58:56.212,,186.75,-74.31,79.94,,,,,,,stand_to_sit,aswin,01
2026-04-19T18:58:56.244,,186.56,-74.31,79.44,,,,,,,stand_to_sit,aswin,01
2026-04-19T18:58:56.276,,186.38,-74.25,78.75,,,,,,,stand_to_sit,aswin,01
2026-04-19T18:58:56.307,,186.12,-74.19,78.00,,,,,,,stand_to_sit,aswin,01
2026-04-19T18:58:56.338,,185.69,-74.00,76.44,,,,,,,stand_to_sit,aswin,01
2026-04-19T18:58:56.370,,185.25,-73.81,74.81,,,,,,,stand_to_sit,aswin,01
2026-04-19T18:58:56.402,,184.75,-73.44,72.81,,,,,,,stand_to_sit,aswin,01
2026-04-19T18:58:56.434,,184.44,-72.88,70.81,,,,,,,stand_to_sit,aswin,01
2026-04-19T18:58:56.465,,184.19,-72.06,68.81,,,,,,,stand_to_sit,aswin,01
2026-04-19T18:58:56.499,,183.62,-71.25,66.56,,,,,,,stand_to_sit,aswin,01
2026-04-19T18:58:56.528,,182.44,-70.31,64.19,,,,,,,stand_to_sit,aswin,01
2026-04-19T18:58:56.560,,182.62,-70.06,64.25,,,,,,,stand_to_sit,aswin,01
2026-04-19T18:58:56.592,,183.75,-70.12,65.69,,,,,,,stand_to_sit,aswin,01
2026-04-19T18:58:56.622,,185.38,-70.38,67.44,,,,,,,stand_to_sit,aswin,01
2026-04-19T18:58:56.655,,186.56,-70.62,68.88,,,,,,,stand_to_sit,aswin,01
2026-04-19T18:58:56.689,,187.38,-70.81,69.75,,,,,,,stand_to_sit,aswin,01
2026-04-19T18:58:56.722,,187.75,-71.12,70.06,,,,,,,stand_to_sit,aswin,01
2026-04-19T18:58:56.750,,187.69,-71.75,69.69,,,,,,,stand_to_sit,aswin,01
2026-04-19T18:58:56.783,,187.38,-72.31,68.88,,,,,,,stand_to_sit,aswin,01
2026-04-19T18:58:56.812,,186.62,-73.12,67.88,,,,,,,stand_to_sit,aswin,01
2026-04-19T18:58:56.844,,186.19,-74.06,66.88,,,,,,,stand_to_sit,aswin,01
2026-04-19T18:58:56.874,,186.06,-75.25,66.06,,,,,,,stand_to_sit,aswin,01
2026-04-19T18:58:56.906,,186.19,-76.62,65.25,,,,,,,stand_to_sit,aswin,01
2026-04-19T18:58:56.942,,186.81,-78.00,64.19,,,,,,,stand_to_sit,aswin,01
2026-04-19T18:58:56.972,,186.88,-79.75,61.31,,,,,,,stand_to_sit,aswin,01
2026-04-19T18:58:57.004,,185.88,-80.81,57.06,,,,,,,stand_to_sit,aswin,01
2026-04-19T18:58:57.034,,184.75,-81.62,52.06,,,,,,,stand_to_sit,aswin,01
2026-04-19T18:58:57.064,,184.25,-82.12,47.75,,,,,,,stand_to_sit,aswin,01
2026-04-19T18:58:57.096,,183.94,-82.38,44.62,,,,,,,stand_to_sit,aswin,01
2026-04-19T18:58:57.158,,183.50,-82.50,42.00,,,,,,,stand_to_sit,aswin,01
2026-04-19T18:58:57.168,,183.00,-82.56,39.50,,,,,,,stand_to_sit,aswin,01
2026-04-19T18:58:57.192,,182.56,-82.62,36.94,,,,,,,stand_to_sit,aswin,01
2026-04-19T18:58:57.223,,182.62,-82.62,35.94,,,,,,,stand_to_sit,aswin,01
2026-04-19T18:58:57.255,,182.62,-82.56,35.69,,,,,,,stand_to_sit,aswin,01
2026-04-19T18:58:57.286,,182.50,-82.50,35.75,,,,,,,stand_to_sit,aswin,01
2026-04-19T18:58:57.316,,182.44,-82.38,36.19,,,,,,,stand_to_sit,aswin,01
2026-04-19T18:58:57.376,,182.44,-82.31,36.62,,,,,,,stand_to_sit,aswin,01
2026-04-19T18:58:57.380,,182.25,-82.31,37.12,,,,,,,stand_to_sit,aswin,01
2026-04-19T18:58:57.412,,182.06,-82.31,37.75,,,,,,,stand_to_sit,aswin,01
2026-04-19T18:58:57.442,,182.06,-82.25,38.56,,,,,,,stand_to_sit,aswin,01
2026-04-19T18:58:57.474,,182.12,-82.25,39.44,,,,,,,stand_to_sit,aswin,01
2026-04-19T18:58:57.507,,182.12,-82.25,40.50,,,,,,,stand_to_sit,aswin,01
2026-04-19T18:58:57.535,,182.25,-82.19,41.75,,,,,,,stand_to_sit,aswin,01
2026-04-19T18:58:57.566,,182.44,-82.12,43.19,,,,,,,stand_to_sit,aswin,01
2026-04-19T18:58:57.600,,182.75,-82.06,44.81,,,,,,,stand_to_sit,aswin,01
2026-04-19T18:58:57.633,,183.06,-81.94,46.62,,,,,,,stand_to_sit,aswin,01
2026-04-19T18:58:57.662,,183.31,-81.88,48.44,,,,,,,stand_to_sit,aswin,01
2026-04-19T18:58:57.696,,183.69,-81.69,50.81,,,,,,,stand_to_sit,aswin,01
2026-04-19T18:58:57.725,,183.94,-81.62,52.25,,,,,,,stand_to_sit,aswin,01
2026-04-19T18:58:57.756,,184.06,-81.62,53.44,,,,,,,stand_to_sit,aswin,01
2026-04-19T18:58:57.787,,184.19,-81.62,54.44,,,,,,,stand_to_sit,aswin,01
2026-04-19T18:58:57.819,,184.25,-81.62,55.44,,,,,,,stand_to_sit,aswin,01
2026-04-19T18:58:57.851,,184.44,-81.62,56.38,,,,,,,stand_to_sit,aswin,01
2026-04-19T18:58:57.881,,184.69,-81.62,57.25,,,,,,,stand_to_sit,aswin,01
2026-04-19T18:58:57.914,,184.75,-81.69,58.12,,,,,,,stand_to_sit,aswin,01
2026-04-19T18:58:57.945,,184.81,-81.69,59.12,,,,,,,stand_to_sit,aswin,01
2026-04-19T18:58:57.978,,184.88,-81.75,59.75,,,,,,,stand_to_sit,aswin,01
2026-04-19T18:58:58.007,,184.88,-81.81,60.44,,,,,,,stand_to_sit,aswin,01
2026-04-19T18:58:58.040,,184.94,-81.88,61.00,,,,,,,stand_to_sit,aswin,01
2026-04-19T18:58:58.069,,184.94,-81.88,61.44,,,,,,,stand_to_sit,aswin,01
2026-04-19T18:58:58.101,,185.00,-81.81,61.75,,,,,,,stand_to_sit,aswin,01
2026-04-19T18:58:58.136,,185.06,-81.81,61.94,,,,,,,stand_to_sit,aswin,01
2026-04-19T18:58:58.167,,185.12,-81.81,62.00,,,,,,,stand_to_sit,aswin,01
2026-04-19T18:58:58.200,,185.12,-81.75,61.94,,,,,,,stand_to_sit,aswin,01
2026-04-19T18:58:58.227,,185.12,-81.69,61.75,,,,,,,stand_to_sit,aswin,01
2026-04-19T18:58:58.263,,185.12,-81.69,61.44,,,,,,,stand_to_sit,aswin,01
2026-04-19T18:58:58.289,,185.00,-81.69,61.12,,,,,,,stand_to_sit,aswin,01
2026-04-19T18:58:58.322,,184.94,-81.69,60.75,,,,,,,stand_to_sit,aswin,01
2026-04-19T18:58:58.352,,184.94,-81.69,60.31,,,,,,,stand_to_sit,aswin,01
2026-04-19T18:58:58.384,,184.94,-81.69,59.81,,,,,,,stand_to_sit,aswin,01
2026-04-19T18:58:58.416,,184.81,-81.75,59.25,,,,,,,stand_to_sit,aswin,01
2026-04-19T18:58:58.448,,184.69,-81.81,58.38,,,,,,,stand_to_sit,aswin,01
2026-04-19T18:58:58.480,,184.62,-81.81,57.69,,,,,,,stand_to_sit,aswin,01
2026-04-19T18:58:58.508,,184.50,-81.88,56.88,,,,,,,stand_to_sit,aswin,01
2026-04-19T18:58:58.539,,184.38,-81.94,55.94,,,,,,,stand_to_sit,aswin,01
2026-04-19T18:58:58.570,,184.25,-82.00,54.88,,,,,,,stand_to_sit,aswin,01
2026-04-19T18:58:58.607,,184.06,-82.06,53.94,,,,,,,stand_to_sit,aswin,01
2026-04-19T18:58:58.635,,183.88,-82.12,52.94,,,,,,,stand_to_sit,aswin,01
2026-04-19T18:58:58.668,,183.75,-82.19,52.19,,,,,,,stand_to_sit,aswin,01
2026-04-19T18:58:58.699,,183.69,-82.19,51.94,,,,,,,stand_to_sit,aswin,01
2026-04-19T18:58:58.732,,183.88,-82.06,52.56,,,,,,,stand_to_sit,aswin,01
2026-04-19T18:58:58.761,,184.06,-81.88,53.69,,,,,,,stand_to_sit,aswin,01
2026-04-19T18:58:58.791,,184.44,-81.62,54.94,,,,,,,stand_to_sit,aswin,01
2026-04-19T18:58:58.824,,184.69,-81.38,56.19,,,,,,,stand_to_sit,aswin,01
2026-04-19T18:58:58.855,,184.88,-81.25,57.12,,,,,,,stand_to_sit,aswin,01
2026-04-19T18:58:58.886,,185.06,-81.12,58.06,,,,,,,stand_to_sit,aswin,01
2026-04-19T18:58:58.918,,185.12,-81.06,58.94,,,,,,,stand_to_sit,aswin,01
2026-04-19T18:58:58.948,,185.12,-81.06,60.06,,,,,,,stand_to_sit,aswin,01
2026-04-19T18:58:58.979,,185.06,-81.19,60.50,,,,,,,stand_to_sit,aswin,01
2026-04-19T18:58:59.016,,185.00,-81.25,60.75,,,,,,,stand_to_sit,aswin,01
2026-04-19T18:58:59.044,,185.06,-81.31,61.00,,,,,,,stand_to_sit,aswin,01
2026-04-19T18:58:59.072,,185.06,-81.38,61.31,,,,,,,stand_to_sit,aswin,01
2026-04-19T18:58:59.105,,185.00,-81.44,61.50,,,,,,,stand_to_sit,aswin,01
2026-04-19T18:58:59.138,,184.88,-81.38,61.62,,,,,,,stand_to_sit,aswin,01
2026-04-19T18:58:59.168,,184.94,-81.31,61.88,,,,,,,stand_to_sit,aswin,01
2026-04-19T18:58:59.199,,184.88,-81.25,62.62,,,,,,,stand_to_sit,aswin,01
2026-04-19T18:58:59.231,,185.00,-81.12,63.44,,,,,,,stand_to_sit,aswin,01
2026-04-19T18:58:59.269,,185.12,-80.94,64.19,,,,,,,stand_to_sit,aswin,01
2026-04-19T18:58:59.293,,185.38,-80.75,64.94,,,,,,,stand_to_sit,aswin,01
2026-04-19T18:58:59.324,,185.56,-80.56,65.88,,,,,,,stand_to_sit,aswin,01
2026-04-19T18:58:59.358,,185.75,-80.31,66.94,,,,,,,stand_to_sit,aswin,01
2026-04-19T18:58:59.388,,185.94,-80.06,67.88,,,,,,,stand_to_sit,aswin,01
2026-04-19T18:58:59.421,,186.12,-79.69,68.50,,,,,,,stand_to_sit,aswin,01
2026-04-19T18:58:59.450,,185.62,-79.00,68.00,,,,,,,stand_to_sit,aswin,01
2026-04-19T18:58:59.482,,185.25,-78.44,67.50,,,,,,,stand_to_sit,aswin,01
2026-04-19T18:58:59.515,,185.00,-77.94,67.25,,,,,,,stand_to_sit,aswin,01
2026-04-19T18:58:59.545,,184.50,-77.31,66.56,,,,,,,stand_to_sit,aswin,01
2026-04-19T18:58:59.574,,183.69,-76.62,65.44,,,,,,,stand_to_sit,aswin,01
2026-04-19T18:58:59.608,,183.00,-76.00,64.81,,,,,,,stand_to_sit,aswin,01
2026-04-19T18:58:59.641,,182.81,-75.50,64.88,,,,,,,stand_to_sit,aswin,01
2026-04-19T18:58:59.672,,183.00,-75.06,65.50,,,,,,,stand_to_sit,aswin,01
2026-04-19T18:58:59.705,,183.75,-74.56,67.00,,,,,,,stand_to_sit,aswin,01
2026-04-19T18:58:59.734,,184.31,-74.31,67.81,,,,,,,stand_to_sit,aswin,01
2026-04-19T18:58:59.765,,184.56,-74.19,68.19,,,,,,,stand_to_sit,aswin,01
2026-04-19T18:58:59.795,,184.81,-74.12,68.50,,,,,,,stand_to_sit,aswin,01
2026-04-19T18:58:59.825,,185.00,-74.19,68.81,,,,,,,stand_to_sit,aswin,01
2026-04-19T18:58:59.861,,185.06,-74.25,68.88,,,,,,,stand_to_sit,aswin,01
2026-04-19T18:58:59.889,,185.00,-74.38,68.69,,,,,,,stand_to_sit,aswin,01
2026-04-19T18:58:59.922,,184.69,-74.69,68.12,,,,,,,stand_to_sit,aswin,01
2026-04-19T18:58:59.953,,184.31,-75.25,67.38,,,,,,,stand_to_sit,aswin,01
2026-04-19T18:58:59.984,,183.94,-75.81,66.81,,,,,,,stand_to_sit,aswin,01
2026-04-19T18:59:00.019,,183.56,-76.44,66.56,,,,,,,stand_to_sit,aswin,01
2026-04-19T18:59:00.045,,183.50,-77.19,66.94,,,,,,,stand_to_sit,aswin,01
2026-04-19T18:59:00.078,,183.56,-77.88,67.88,,,,,,,stand_to_sit,aswin,01
2026-04-19T18:59:00.113,,183.81,-78.50,69.19,,,,,,,stand_to_sit,aswin,01
2026-04-19T18:59:00.143,,183.88,-79.00,70.44,,,,,,,stand_to_sit,aswin,01
2026-04-19T18:59:00.173,,183.94,-79.44,72.00,,,,,,,stand_to_sit,aswin,01
2026-04-19T18:59:00.203,,184.25,-79.75,74.50,,,,,,,stand_to_sit,aswin,01
2026-04-19T18:59:00.235,,184.88,-79.75,76.31,,,,,,,stand_to_sit,aswin,01
2026-04-19T18:59:00.266,,185.12,-79.81,77.75,,,,,,,stand_to_sit,aswin,01
2026-04-19T18:59:00.296,,185.25,-79.81,78.38,,,,,,,stand_to_sit,aswin,01
2026-04-19T18:59:00.327,,185.25,-79.81,78.38,,,,,,,stand_to_sit,aswin,01
2026-04-19T18:59:00.360,,185.12,-79.81,78.00,,,,,,,stand_to_sit,aswin,01
2026-04-19T18:59:00.392,,185.06,-79.81,77.56,,,,,,,stand_to_sit,aswin,01
2026-04-19T18:59:00.427,,185.00,-79.88,77.38,,,,,,,stand_to_sit,aswin,01
2026-04-19T18:59:00.455,,184.94,-79.88,77.56,,,,,,,stand_to_sit,aswin,01
2026-04-19T18:59:00.485,,184.94,-79.88,77.81,,,,,,,stand_to_sit,aswin,01
2026-04-19T18:59:00.516,,184.94,-79.94,77.81,,,,,,,stand_to_sit,aswin,01
2026-04-19T18:59:00.547,,184.88,-79.94,77.62,,,,,,,stand_to_sit,aswin,01
2026-04-19T18:59:00.581,,184.81,-79.94,77.38,,,,,,,stand_to_sit,aswin,01
2026-04-19T18:59:00.613,,184.75,-79.88,77.12,,,,,,,stand_to_sit,aswin,01
2026-04-19T18:59:00.644,,184.75,-79.88,76.94,,,,,,,stand_to_sit,aswin,01
2026-04-19T18:59:00.675,,184.75,-79.88,76.94,,,,,,,stand_to_sit,aswin,01
2026-04-19T18:59:00.706,,184.75,-79.94,77.00,,,,,,,stand_to_sit,aswin,01
2026-04-19T18:59:00.739,,184.75,-79.94,77.06,,,,,,,stand_to_sit,aswin,01
2026-04-19T18:59:00.768,,184.75,-79.94,77.00,,,,,,,stand_to_sit,aswin,01
2026-04-19T18:59:00.800,,184.81,-79.94,76.88,,,,,,,stand_to_sit,aswin,01
2026-04-19T18:59:00.830,,184.81,-79.94,76.94,,,,,,,stand_to_sit,aswin,01
2026-04-19T18:59:00.863,,184.69,-79.94,76.94,,,,,,,stand_to_sit,aswin,01
2026-04-19T18:59:00.896,,184.56,-79.94,77.00,,,,,,,stand_to_sit,aswin,01
2026-04-19T18:59:00.926,,184.56,-79.94,77.06,,,,,,,stand_to_sit,aswin,01
2026-04-19T18:59:00.958,,184.56,-79.94,77.06,,,,,,,stand_to_sit,aswin,01
2026-04-19T18:59:00.989,,184.50,-79.94,77.12,,,,,,,stand_to_sit,aswin,01
2026-04-19T18:59:01.020,,184.50,-79.94,77.19,,,,,,,stand_to_sit,aswin,01
2026-04-19T18:59:01.051,,184.50,-79.94,77.19,,,,,,,stand_to_sit,aswin,01
2026-04-19T18:59:01.082,,184.44,-79.94,77.19,,,,,,,stand_to_sit,aswin,01
2026-04-19T18:59:01.114,,184.44,-79.94,77.06,,,,,,,stand_to_sit,aswin,01
2026-04-19T18:59:01.147,,184.44,-79.94,76.94,,,,,,,stand_to_sit,aswin,01
2026-04-19T18:59:01.178,,184.44,-79.88,76.88,,,,,,,stand_to_sit,aswin,01
2026-04-19T18:59:01.210,,184.44,-79.88,76.81,,,,,,,stand_to_sit,aswin,01
2026-04-19T18:59:01.241,,184.44,-79.88,76.81,,,,,,,stand_to_sit,aswin,01
2026-04-19T18:59:01.273,,184.44,-79.81,76.88,,,,,,,stand_to_sit,aswin,01
2026-04-19T18:59:01.303,,184.44,-79.81,76.88,,,,,,,stand_to_sit,aswin,01
2026-04-19T18:59:01.332,,184.44,-79.81,76.88,,,,,,,stand_to_sit,aswin,01
2026-04-19T18:59:01.365,,184.31,-79.88,76.81,,,,,,,stand_to_sit,aswin,01
2026-04-19T18:59:01.399,,184.25,-79.81,76.69,,,,,,,stand_to_sit,aswin,01
2026-04-19T18:59:01.428,,184.19,-79.81,76.44,,,,,,,stand_to_sit,aswin,01
2026-04-19T18:59:01.461,,184.12,-79.81,76.00,,,,,,,stand_to_sit,aswin,01
2026-04-19T18:59:01.492,,184.00,-79.81,75.62,,,,,,,stand_to_sit,aswin,01
2026-04-19T18:59:01.523,,183.94,-79.75,75.25,,,,,,,stand_to_sit,aswin,01
2026-04-19T18:59:01.553,,183.81,-79.75,74.69,,,,,,,stand_to_sit,aswin,01
2026-04-19T18:59:01.583,,183.62,-79.75,73.88,,,,,,,stand_to_sit,aswin,01
2026-04-19T18:59:01.616,,183.44,-79.69,72.44,,,,,,,stand_to_sit,aswin,01
2026-04-19T18:59:01.648,,182.88,-79.50,70.19,,,,,,,stand_to_sit,aswin,01
2026-04-19T18:59:01.680,,182.31,-79.19,67.38,,,,,,,stand_to_sit,aswin,01
2026-04-19T18:59:01.711,,181.44,-78.62,63.44,,,,,,,stand_to_sit,aswin,01
2026-04-19T18:59:01.742,,181.00,-77.81,60.81,,,,,,,stand_to_sit,aswin,01
2026-04-19T18:59:01.781,,180.75,-77.06,59.12,,,,,,,stand_to_sit,aswin,01
2026-04-19T18:59:01.807,,180.62,-76.50,59.00,,,,,,,stand_to_sit,aswin,01
2026-04-19T18:59:01.835,,181.00,-76.25,60.06,,,,,,,stand_to_sit,aswin,01
2026-04-19T18:59:01.869,,181.62,-76.19,61.88,,,,,,,stand_to_sit,aswin,01
2026-04-19T18:59:01.899,,182.19,-76.25,63.38,,,,,,,stand_to_sit,aswin,01
2026-04-19T18:59:01.930,,182.50,-76.44,64.25,,,,,,,stand_to_sit,aswin,01
2026-04-19T18:59:01.962,,182.12,-76.75,63.81,,,,,,,stand_to_sit,aswin,01
2026-04-19T18:59:01.993,,181.38,-77.06,62.50,,,,,,,stand_to_sit,aswin,01
2026-04-19T18:59:02.025,,180.38,-77.56,60.50,,,,,,,stand_to_sit,aswin,01
2026-04-19T18:59:02.056,,179.12,-78.12,57.94,,,,,,,stand_to_sit,aswin,01
2026-04-19T18:59:02.090,,177.94,-78.75,54.94,,,,,,,stand_to_sit,aswin,01
2026-04-19T18:59:02.128,,176.88,-79.50,51.81,,,,,,,stand_to_sit,aswin,01
2026-04-19T18:59:02.154,,175.69,-80.38,47.50,,,,,,,stand_to_sit,aswin,01
2026-04-19T18:59:02.183,,174.88,-81.00,44.12,,,,,,,stand_to_sit,aswin,01
2026-04-19T18:59:02.216,,174.38,-81.50,41.00,,,,,,,stand_to_sit,aswin,01
2026-04-19T18:59:02.245,,174.44,-82.00,38.38,,,,,,,stand_to_sit,aswin,01
2026-04-19T18:59:02.279,,175.12,-82.50,36.25,,,,,,,stand_to_sit,aswin,01
2026-04-19T18:59:02.310,,176.50,-82.94,34.50,,,,,,,stand_to_sit,aswin,01
2026-04-19T18:59:02.343,,177.88,-83.25,3.62,,,,,,,stand_to_sit,aswin,01
2026-04-19T18:59:02.372,,178.38,-83.31,3.38,,,,,,,stand_to_sit,aswin,01
2026-04-19T18:59:02.404,,177.19,-83.12,3.06,,,,,,,stand_to_sit,aswin,01
2026-04-19T18:59:02.434,,176.25,-83.00,22.81,,,,,,,stand_to_sit,aswin,01
2026-04-19T18:59:02.465,,176.12,-83.00,19.94,,,,,,,stand_to_sit,aswin,01
2026-04-19T18:59:02.497,,176.62,-83.06,18.75,,,,,,,stand_to_sit,aswin,01
2026-04-19T18:59:02.529,,177.62,-83.06,19.62,,,,,,,stand_to_sit,aswin,01
2026-04-19T18:59:02.562,,178.75,-83.00,21.44,,,,,,,stand_to_sit,aswin,01
2026-04-19T18:59:02.594,,180.00,-82.88,24.25,,,,,,,stand_to_sit,aswin,01
2026-04-19T18:59:02.626,,180.25,-82.81,26.31,,,,,,,stand_to_sit,aswin,01
2026-04-19T18:59:02.658,,180.25,-82.62,28.44,,,,,,,stand_to_sit,aswin,01
2026-04-19T18:59:02.691,,180.12,-82.50,30.50,,,,,,,stand_to_sit,aswin,01
2026-04-19T18:59:02.720,,179.81,-82.31,32.50,,,,,,,stand_to_sit,aswin,01
2026-04-19T18:59:02.752,,179.56,-82.19,34.25,,,,,,,stand_to_sit,aswin,01
2026-04-19T18:59:02.784,,179.56,-82.06,35.44,,,,,,,stand_to_sit,aswin,01
2026-04-19T18:59:02.815,,179.88,-82.06,36.69,,,,,,,stand_to_sit,aswin,01
2026-04-19T18:59:02.845,,179.88,-82.00,37.94,,,,,,,stand_to_sit,aswin,01
2026-04-19T18:59:02.877,,179.94,-82.00,39.38,,,,,,,stand_to_sit,aswin,01
2026-04-19T18:59:02.908,,180.00,-82.00,40.81,,,,,,,stand_to_sit,aswin,01
2026-04-19T18:59:02.939,,180.12,-82.06,42.19,,,,,,,stand_to_sit,aswin,01
2026-04-19T18:59:02.971,,180.38,-82.06,43.62,,,,,,,stand_to_sit,aswin,01
2026-04-19T18:59:03.003,,180.50,-82.12,44.88,,,,,,,stand_to_sit,aswin,01
2026-04-19T18:59:03.035,,180.62,-82.19,46.25,,,,,,,stand_to_sit,aswin,01
2026-04-19T18:59:03.066,,180.94,-82.19,48.19,,,,,,,stand_to_sit,aswin,01
2026-04-19T18:59:03.098,,181.19,-82.25,49.56,,,,,,,stand_to_sit,aswin,01
2026-04-19T18:59:03.128,,181.25,-82.38,50.81,,,,,,,stand_to_sit,aswin,01
2026-04-19T18:59:03.163,,181.25,-82.50,51.50,,,,,,,stand_to_sit,aswin,01
2026-04-19T18:59:03.192,,181.19,-82.62,51.69,,,,,,,stand_to_sit,aswin,01
2026-04-19T18:59:03.222,,181.12,-82.81,51.88,,,,,,,stand_to_sit,aswin,01
2026-04-19T18:59:03.253,,181.12,-82.94,52.25,,,,,,,stand_to_sit,aswin,01
2026-04-19T18:59:03.286,,181.06,-83.00,52.88,,,,,,,stand_to_sit,aswin,01
2026-04-19T18:59:03.316,,181.06,-83.12,53.75,,,,,,,stand_to_sit,aswin,01
2026-04-19T18:59:03.347,,181.06,-83.12,5.50,,,,,,,stand_to_sit,aswin,01
2026-04-19T18:59:03.378,,181.06,-83.19,5.50,,,,,,,stand_to_sit,aswin,01
2026-04-19T18:59:03.409,,181.06,-83.25,5.50,,,,,,,stand_to_sit,aswin,01
2026-04-19T18:59:03.444,,181.00,-83.25,5.44,,,,,,,stand_to_sit,aswin,01
2026-04-19T18:59:03.476,,180.94,-83.31,5.38,,,,,,,stand_to_sit,aswin,01
2026-04-19T18:59:03.505,,180.88,-83.38,5.31,,,,,,,stand_to_sit,aswin,01
2026-04-19T18:59:03.536,,180.81,-83.38,5.25,,,,,,,stand_to_sit,aswin,01
2026-04-19T18:59:03.567,,180.69,-83.44,5.19,,,,,,,stand_to_sit,aswin,01
2026-04-19T18:59:03.598,,180.69,-83.44,5.12,,,,,,,stand_to_sit,aswin,01
2026-04-19T18:59:03.632,,180.62,-83.50,5.06,,,,,,,stand_to_sit,aswin,01
2026-04-19T18:59:03.660,,180.69,-83.50,5.00,,,,,,,stand_to_sit,aswin,01
2026-04-19T18:59:03.691,,180.69,-83.44,5.00,,,,,,,stand_to_sit,aswin,01
2026-04-19T18:59:03.733,,180.69,-83.38,5.00,,,,,,,stand_to_sit,aswin,01
2026-04-19T18:59:03.756,,180.62,-83.38,5.06,,,,,,,stand_to_sit,aswin,01
2026-04-19T18:59:03.789,,180.62,-83.31,5.06,,,,,,,stand_to_sit,aswin,01
2026-04-19T18:59:03.819,,180.56,-83.19,5.12,,,,,,,stand_to_sit,aswin,01
2026-04-19T18:59:03.850,,180.56,-83.12,5.12,,,,,,,stand_to_sit,aswin,01
2026-04-19T18:59:03.884,,180.62,-83.06,48.94,,,,,,,stand_to_sit,aswin,01
2026-04-19T18:59:03.914,,180.56,-83.00,48.50,,,,,,,stand_to_sit,aswin,01
2026-04-19T18:59:03.944,,180.56,-83.00,48.00,,,,,,,stand_to_sit,aswin,01
2026-04-19T18:59:03.975,,180.56,-82.94,47.50,,,,,,,stand_to_sit,aswin,01
2026-04-19T18:59:04.007,,180.50,-82.94,47.00,,,,,,,stand_to_sit,aswin,01
2026-04-19T18:59:04.042,,180.50,-82.94,46.50,,,,,,,stand_to_sit,aswin,01
2026-04-19T18:59:04.072,,180.25,-82.88,45.88,,,,,,,stand_to_sit,aswin,01
2026-04-19T18:59:04.100,,180.25,-82.88,45.56,,,,,,,stand_to_sit,aswin,01
2026-04-19T18:59:04.131,,180.25,-82.81,45.44,,,,,,,stand_to_sit,aswin,01
2026-04-19T18:59:04.164,,180.31,-82.75,45.81,,,,,,,stand_to_sit,aswin,01
2026-04-19T18:59:04.193,,180.44,-82.62,46.88,,,,,,,stand_to_sit,aswin,01
2026-04-19T18:59:04.226,,180.69,-82.44,48.38,,,,,,,stand_to_sit,aswin,01
2026-04-19T18:59:04.258,,181.00,-82.19,49.94,,,,,,,stand_to_sit,aswin,01
2026-04-19T18:59:04.292,,181.25,-81.94,51.44,,,,,,,stand_to_sit,aswin,01
2026-04-19T18:59:04.322,,181.62,-81.62,53.06,,,,,,,stand_to_sit,aswin,01
2026-04-19T18:59:04.352,,181.81,-81.44,54.12,,,,,,,stand_to_sit,aswin,01
2026-04-19T18:59:04.382,,182.06,-81.25,55.00,,,,,,,stand_to_sit,aswin,01
2026-04-19T18:59:04.413,,182.19,-81.12,55.50,,,,,,,stand_to_sit,aswin,01
2026-04-19T18:59:04.452,,182.25,-81.00,55.94,,,,,,,stand_to_sit,aswin,01
2026-04-19T18:59:04.478,,182.31,-80.94,56.19,,,,,,,stand_to_sit,aswin,01
2026-04-19T18:59:04.510,,182.31,-80.94,56.25,,,,,,,stand_to_sit,aswin,01
2026-04-19T18:59:04.541,,182.31,-81.00,56.44,,,,,,,stand_to_sit,aswin,01
2026-04-19T18:59:04.574,,182.38,-81.00,56.62,,,,,,,stand_to_sit,aswin,01
2026-04-19T18:59:04.605,,182.38,-80.94,56.94,,,,,,,stand_to_sit,aswin,01
2026-04-19T18:59:04.639,,182.38,-81.00,57.19,,,,,,,stand_to_sit,aswin,01
2026-04-19T18:59:04.671,,182.38,-81.06,57.44,,,,,,,stand_to_sit,aswin,01
2026-04-19T18:59:04.699,,182.31,-81.12,57.94,,,,,,,stand_to_sit,aswin,01
2026-04-19T18:59:04.732,,182.25,-81.12,58.19,,,,,,,stand_to_sit,aswin,01
2026-04-19T18:59:04.763,,182.25,-81.25,58.44,,,,,,,stand_to_sit,aswin,01
2026-04-19T18:59:04.794,,182.19,-81.31,58.38,,,,,,,stand_to_sit,aswin,01
2026-04-19T18:59:04.824,,182.12,-81.31,58.06,,,,,,,stand_to_sit,aswin,01
2026-04-19T18:59:04.855,,182.06,-81.38,57.50,,,,,,,stand_to_sit,aswin,01
2026-04-19T18:59:04.888,,181.94,-81.44,56.75,,,,,,,stand_to_sit,aswin,01
2026-04-19T18:59:04.921,,181.88,-81.38,55.94,,,,,,,stand_to_sit,aswin,01
2026-04-19T18:59:04.957,,181.69,-81.25,54.44,,,,,,,stand_to_sit,aswin,01
2026-04-19T18:59:04.984,,181.62,-81.25,53.38,,,,,,,stand_to_sit,aswin,01
2026-04-19T18:59:05.015,,181.44,-81.12,52.44,,,,,,,stand_to_sit,aswin,01
2026-04-19T18:59:05.046,,181.31,-81.06,51.62,,,,,,,stand_to_sit,aswin,01
2026-04-19T18:59:05.077,,181.19,-81.00,51.12,,,,,,,stand_to_sit,aswin,01
2026-04-19T18:59:05.110,,181.19,-80.88,51.31,,,,,,,stand_to_sit,aswin,01
2026-04-19T18:59:05.140,,181.25,-80.75,51.50,,,,,,,stand_to_sit,aswin,01
2026-04-19T18:59:05.173,,181.06,-80.62,51.38,,,,,,,stand_to_sit,aswin,01
2026-04-19T18:59:05.204,,180.75,-80.62,51.06,,,,,,,stand_to_sit,aswin,01
2026-04-19T18:59:05.235,,180.56,-80.69,51.00,,,,,,,stand_to_sit,aswin,01
2026-04-19T18:59:05.266,,180.44,-80.81,51.38,,,,,,,stand_to_sit,aswin,01
2026-04-19T18:59:05.297,,180.50,-80.94,52.31,,,,,,,stand_to_sit,aswin,01
2026-04-19T18:59:05.330,,180.56,-80.94,53.25,,,,,,,stand_to_sit,aswin,01
2026-04-19T18:59:05.364,,180.56,-80.94,54.00,,,,,,,stand_to_sit,aswin,01
2026-04-19T18:59:05.394,,180.56,-80.88,54.75,,,,,,,stand_to_sit,aswin,01
2026-04-19T18:59:05.425,,180.50,-80.88,55.12,,,,,,,stand_to_sit,aswin,01
2026-04-19T18:59:05.457,,180.25,-81.00,55.00,,,,,,,stand_to_sit,aswin,01
2026-04-19T18:59:05.488,,180.00,-81.25,54.62,,,,,,,stand_to_sit,aswin,01
2026-04-19T18:59:05.519,,179.69,-81.62,54.19,,,,,,,stand_to_sit,aswin,01
2026-04-19T18:59:05.549,,179.50,-82.00,53.62,,,,,,,stand_to_sit,aswin,01
2026-04-19T18:59:05.583,,179.19,-82.44,52.31,,,,,,,stand_to_sit,aswin,01
2026-04-19T18:59:05.613,,178.88,-82.88,50.25,,,,,,,stand_to_sit,aswin,01
2026-04-19T18:59:05.645,,178.56,-83.31,4.94,,,,,,,stand_to_sit,aswin,01
2026-04-19T18:59:05.677,,178.12,-83.56,4.50,,,,,,,stand_to_sit,aswin,01
2026-04-19T18:59:05.708,,177.94,-83.69,4.38,,,,,,,stand_to_sit,aswin,01
2026-04-19T18:59:05.738,,177.88,-83.75,4.38,,,,,,,stand_to_sit,aswin,01
2026-04-19T18:59:05.774,,178.06,-83.75,4.50,,,,,,,stand_to_sit,aswin,01
2026-04-19T18:59:05.805,,178.31,-83.88,4.56,,,,,,,stand_to_sit,aswin,01
2026-04-19T18:59:05.835,,178.62,-83.94,4.62,,,,,,,stand_to_sit,aswin,01
2026-04-19T18:59:05.867,,178.88,-84.12,4.62,,,,,,,stand_to_sit,aswin,01
2026-04-19T18:59:05.900,,178.94,-84.19,4.56,,,,,,,stand_to_sit,aswin,01
2026-04-19T18:59:05.929,,178.94,-84.25,4.50,,,,,,,stand_to_sit,aswin,01
2026-04-19T18:59:05.960,,178.88,-84.25,4.50,,,,,,,stand_to_sit,aswin,01
2026-04-19T18:59:05.991,,178.88,-84.25,4.50,,,,,,,stand_to_sit,aswin,01
2026-04-19T18:59:06.023,,178.88,-84.25,4.50,,,,,,,stand_to_sit,aswin,01
2026-04-19T18:59:06.055,,178.88,-84.25,4.50,,,,,,,stand_to_sit,aswin,01
2026-04-19T18:59:06.088,,178.88,-84.25,4.50,,,,,,,stand_to_sit,aswin,01
2026-04-19T18:59:06.118,,178.88,-84.25,4.44,,,,,,,stand_to_sit,aswin,01
2026-04-19T18:59:06.149,,178.88,-84.25,4.44,,,,,,,stand_to_sit,aswin,01
2026-04-19T18:59:06.186,,178.81,-84.25,4.44,,,,,,,stand_to_sit,aswin,01
2026-04-19T18:59:06.213,,178.81,-84.25,4.44,,,,,,,stand_to_sit,aswin,01
2026-04-19T18:59:06.244,,178.81,-84.25,4.44,,,,,,,stand_to_sit,aswin,01
2026-04-19T18:59:06.277,,178.81,-84.25,4.44,,,,,,,stand_to_sit,aswin,01
2026-04-19T18:59:06.308,,178.81,-84.25,4.44,,,,,,,stand_to_sit,aswin,01
2026-04-19T18:59:06.339,,178.81,-84.25,4.44,,,,,,,stand_to_sit,aswin,01
2026-04-19T18:59:06.372,,178.81,-84.25,4.44,,,,,,,stand_to_sit,aswin,01
2026-04-19T18:59:06.401,,178.81,-84.25,4.44,,,,,,,stand_to_sit,aswin,01
2026-04-19T18:59:06.432,,178.81,-84.25,4.44,,,,,,,stand_to_sit,aswin,01
2026-04-19T18:59:06.465,,178.81,-84.25,4.44,,,,,,,stand_to_sit,aswin,01
2026-04-19T18:59:06.498,,178.81,-84.31,4.44,,,,,,,stand_to_sit,aswin,01
2026-04-19T18:59:06.529,,178.81,-84.31,4.44,,,,,,,stand_to_sit,aswin,01
2026-04-19T18:59:06.560,,178.75,-84.31,4.44,,,,,,,stand_to_sit,aswin,01
2026-04-19T18:59:06.593,,178.75,-84.25,4.44,,,,,,,stand_to_sit,aswin,01
2026-04-19T18:59:06.625,,178.69,-84.25,4.44,,,,,,,stand_to_sit,aswin,01
2026-04-19T18:59:06.657,,178.62,-84.25,4.44,,,,,,,stand_to_sit,aswin,01
2026-04-19T18:59:06.687,,178.62,-84.19,4.44,,,,,,,stand_to_sit,aswin,01
2026-04-19T18:59:06.717,,178.56,-84.19,4.44,,,,,,,stand_to_sit,aswin,01
2026-04-19T18:59:06.758,,178.44,-84.12,4.44,,,,,,,stand_to_sit,aswin,01
2026-04-19T18:59:06.780,,178.31,-84.06,4.44,,,,,,,stand_to_sit,aswin,01
2026-04-19T18:59:06.812,,178.25,-84.00,4.44,,,,,,,stand_to_sit,aswin,01
2026-04-19T18:59:06.845,,178.12,-83.88,4.44,,,,,,,stand_to_sit,aswin,01
2026-04-19T18:59:06.875,,177.88,-83.69,4.50,,,,,,,stand_to_sit,aswin,01
2026-04-19T18:59:06.932,,177.62,-83.31,4.62,,,,,,,stand_to_sit,aswin,01
2026-04-19T18:59:06.937,,177.44,-82.62,43.38,,,,,,,stand_to_sit,aswin,01
2026-04-19T18:59:06.969,,177.44,-81.75,43.31,,,,,,,stand_to_sit,aswin,01
2026-04-19T18:59:07.023,,177.62,-80.94,44.12,,,,,,,stand_to_sit,aswin,01
2026-04-19T18:59:07.032,,178.12,-80.25,46.00,,,,,,,stand_to_sit,aswin,01
2026-04-19T18:59:07.062,,178.75,-80.12,47.94,,,,,,,stand_to_sit,aswin,01
2026-04-19T18:59:07.093,,179.38,-80.12,49.75,,,,,,,stand_to_sit,aswin,01
2026-04-19T18:59:07.124,,179.75,-80.19,50.75,,,,,,,stand_to_sit,aswin,01
2026-04-19T18:59:07.156,,179.69,-80.31,50.44,,,,,,,stand_to_sit,aswin,01
2026-04-19T18:59:07.196,,179.31,-80.50,49.12,,,,,,,stand_to_sit,aswin,01
2026-04-19T18:59:07.219,,178.62,-80.81,46.69,,,,,,,stand_to_sit,aswin,01
2026-04-19T18:59:07.252,,177.94,-81.38,43.75,,,,,,,stand_to_sit,aswin,01
2026-04-19T18:59:07.285,,177.00,-82.25,38.31,,,,,,,stand_to_sit,aswin,01
2026-04-19T18:59:07.313,,176.19,-82.81,33.69,,,,,,,stand_to_sit,aswin,01
2026-04-19T18:59:07.344,,175.56,-83.19,3.38,,,,,,,stand_to_sit,aswin,01
2026-04-19T18:59:07.376,,175.50,-83.38,3.19,,,,,,,stand_to_sit,aswin,01
2026-04-19T18:59:07.416,,175.94,-83.50,3.25,,,,,,,stand_to_sit,aswin,01
2026-04-19T18:59:07.441,,176.19,-83.44,3.44,,,,,,,stand_to_sit,aswin,01
2026-04-19T18:59:07.470,,175.94,-83.38,3.50,,,,,,,stand_to_sit,aswin,01
2026-04-19T18:59:07.502,,175.62,-83.38,3.50,,,,,,,stand_to_sit,aswin,01
2026-04-19T18:59:07.533,,175.06,-83.62,3.00,,,,,,,stand_to_sit,aswin,01
2026-04-19T18:59:07.565,,174.56,-84.00,2.31,,,,,,,stand_to_sit,aswin,01
2026-04-19T18:59:07.595,,174.19,-84.38,1.50,,,,,,,stand_to_sit,aswin,01
2026-04-19T18:59:07.639,,174.06,-84.50,1.06,,,,,,,stand_to_sit,aswin,01
2026-04-19T18:59:07.659,,174.06,-84.50,1.00,,,,,,,stand_to_sit,aswin,01
2026-04-19T18:59:07.689,,173.88,-84.38,1.06,,,,,,,stand_to_sit,aswin,01
2026-04-19T18:59:07.722,,173.94,-84.25,1.25,,,,,,,stand_to_sit,aswin,01
2026-04-19T18:59:07.755,,174.19,-84.12,1.50,,,,,,,stand_to_sit,aswin,01
2026-04-19T18:59:07.784,,174.25,-84.00,1.75,,,,,,,stand_to_sit,aswin,01
2026-04-19T18:59:07.815,,174.25,-83.94,1.94,,,,,,,stand_to_sit,aswin,01
2026-04-19T18:59:07.858,,174.31,-83.81,2.06,,,,,,,stand_to_sit,aswin,01
2026-04-19T18:59:07.878,,174.50,-83.75,2.25,,,,,,,stand_to_sit,aswin,01
2026-04-19T18:59:07.910,,174.69,-83.69,2.44,,,,,,,stand_to_sit,aswin,01
2026-04-19T18:59:07.940,,174.75,-83.62,2.56,,,,,,,stand_to_sit,aswin,01
2026-04-19T18:59:07.971,,174.81,-83.56,2.69,,,,,,,stand_to_sit,aswin,01
2026-04-19T18:59:08.004,,174.81,-83.56,2.75,,,,,,,stand_to_sit,aswin,01
2026-04-19T18:59:08.035,,174.88,-83.62,2.88,,,,,,,stand_to_sit,aswin,01
2026-04-19T18:59:08.081,,175.00,-83.69,3.00,,,,,,,stand_to_sit,aswin,01
2026-04-19T18:59:08.097,,175.19,-83.69,3.06,,,,,,,stand_to_sit,aswin,01
2026-04-19T18:59:08.131,,175.31,-83.75,3.19,,,,,,,stand_to_sit,aswin,01
2026-04-19T18:59:08.159,,175.44,-83.81,3.31,,,,,,,stand_to_sit,aswin,01
2026-04-19T18:59:08.194,,175.62,-83.94,3.44,,,,,,,stand_to_sit,aswin,01
2026-04-19T18:59:08.223,,175.81,-84.00,3.56,,,,,,,stand_to_sit,aswin,01
2026-04-19T18:59:08.256,,176.06,-84.06,3.69,,,,,,,stand_to_sit,aswin,01
2026-04-19T18:59:08.302,,176.38,-84.19,3.88,,,,,,,stand_to_sit,aswin,01
2026-04-19T18:59:08.318,,176.56,-84.19,4.06,,,,,,,stand_to_sit,aswin,01
2026-04-19T18:59:08.348,,176.75,-84.19,4.25,,,,,,,stand_to_sit,aswin,01
2026-04-19T18:59:08.381,,176.94,-84.19,4.38,,,,,,,stand_to_sit,aswin,01
2026-04-19T18:59:08.412,,177.12,-84.19,4.56,,,,,,,stand_to_sit,aswin,01
2026-04-19T18:59:08.443,,177.25,-84.12,4.69,,,,,,,stand_to_sit,aswin,01
2026-04-19T18:59:08.474,,177.50,-84.06,4.88,,,,,,,stand_to_sit,aswin,01
2026-04-19T18:59:08.506,,177.62,-83.94,5.06,,,,,,,stand_to_sit,aswin,01
2026-04-19T18:59:08.538,,177.88,-83.81,5.25,,,,,,,stand_to_sit,aswin,01
2026-04-19T18:59:08.574,,178.00,-83.75,5.38,,,,,,,stand_to_sit,aswin,01
2026-04-19T18:59:08.599,,178.12,-83.69,5.50,,,,,,,stand_to_sit,aswin,01
2026-04-19T18:59:08.632,,178.25,-83.56,5.62,,,,,,,stand_to_sit,aswin,01
2026-04-19T18:59:08.661,,178.38,-83.50,5.75,,,,,,,stand_to_sit,aswin,01
2026-04-19T18:59:08.694,,178.44,-83.38,5.88,,,,,,,stand_to_sit,aswin,01
2026-04-19T18:59:08.725,,178.50,-83.38,5.94,,,,,,,stand_to_sit,aswin,01
2026-04-19T18:59:08.758,,178.56,-83.31,6.00,,,,,,,stand_to_sit,aswin,01
2026-04-19T18:59:08.789,,178.62,-83.31,6.00,,,,,,,stand_to_sit,aswin,01
2026-04-19T18:59:08.820,,178.62,-83.31,6.00,,,,,,,stand_to_sit,aswin,01
2026-04-19T18:59:08.852,,178.56,-83.31,6.00,,,,,,,stand_to_sit,aswin,01
2026-04-19T18:59:08.881,,178.56,-83.31,6.00,,,,,,,stand_to_sit,aswin,01
2026-04-19T18:59:08.914,,178.56,-83.38,5.94,,,,,,,stand_to_sit,aswin,01
2026-04-19T18:59:08.949,,178.50,-83.44,5.88,,,,,,,stand_to_sit,aswin,01
2026-04-19T18:59:08.978,,178.38,-83.50,5.81,,,,,,,stand_to_sit,aswin,01
2026-04-19T18:59:09.008,,178.31,-83.56,5.69,,,,,,,stand_to_sit,aswin,01
2026-04-19T18:59:09.038,,178.12,-83.75,5.50,,,,,,,stand_to_sit,aswin,01
2026-04-19T18:59:09.069,,177.94,-83.88,5.31,,,,,,,stand_to_sit,aswin,01
2026-04-19T18:59:09.100,,177.75,-84.00,5.19,,,,,,,stand_to_sit,aswin,01
2026-04-19T18:59:09.131,,177.56,-84.12,5.06,,,,,,,stand_to_sit,aswin,01
2026-04-19T18:59:09.165,,177.50,-84.19,5.00,,,,,,,stand_to_sit,aswin,01
2026-04-19T18:59:09.196,,177.50,-84.19,5.00,,,,,,,stand_to_sit,aswin,01
2026-04-19T18:59:09.226,,177.56,-84.19,4.94,,,,,,,stand_to_sit,aswin,01
2026-04-19T18:59:09.260,,177.56,-84.19,5.00,,,,,,,stand_to_sit,aswin,01
2026-04-19T18:59:09.290,,177.69,-84.00,5.06,,,,,,,stand_to_sit,aswin,01
2026-04-19T18:59:09.321,,177.88,-83.75,5.31,,,,,,,stand_to_sit,aswin,01
2026-04-19T18:59:09.352,,178.12,-83.50,5.56,,,,,,,stand_to_sit,aswin,01
2026-04-19T18:59:09.386,,178.31,-83.19,5.81,,,,,,,stand_to_sit,aswin,01
2026-04-19T18:59:09.416,,178.50,-83.00,59.50,,,,,,,stand_to_sit,aswin,01
2026-04-19T18:59:09.447,,178.62,-82.75,59.38,,,,,,,stand_to_sit,aswin,01
2026-04-19T18:59:09.481,,178.75,-82.56,59.06,,,,,,,stand_to_sit,aswin,01
2026-04-19T18:59:09.510,,178.81,-82.38,58.62,,,,,,,stand_to_sit,aswin,01
2026-04-19T18:59:09.541,,178.94,-82.19,58.25,,,,,,,stand_to_sit,aswin,01
2026-04-19T18:59:09.574,,179.06,-82.00,58.25,,,,,,,stand_to_sit,aswin,01
2026-04-19T18:59:09.603,,179.19,-81.88,58.31,,,,,,,stand_to_sit,aswin,01
2026-04-19T18:59:09.635,,179.38,-81.75,58.38,,,,,,,stand_to_sit,aswin,01
2026-04-19T18:59:09.666,,179.56,-81.56,58.81,,,,,,,stand_to_sit,aswin,01
2026-04-19T18:59:09.697,,179.81,-81.31,59.44,,,,,,,stand_to_sit,aswin,01
2026-04-19T18:59:09.728,,180.12,-81.00,60.00,,,,,,,stand_to_sit,aswin,01
2026-04-19T18:59:09.761,,180.50,-80.56,60.50,,,,,,,stand_to_sit,aswin,01
2026-04-19T18:59:09.793,,180.94,-80.06,60.94,,,,,,,stand_to_sit,aswin,01
2026-04-19T18:59:09.823,,181.25,-79.69,61.31,,,,,,,stand_to_sit,aswin,01
2026-04-19T18:59:09.855,,181.62,-79.31,61.94,,,,,,,stand_to_sit,aswin,01
2026-04-19T18:59:09.885,,182.06,-78.94,62.56,,,,,,,stand_to_sit,aswin,01
2026-04-19T18:59:09.916,,182.31,-78.44,62.56,,,,,,,stand_to_sit,aswin,01
2026-04-19T18:59:09.948,,182.56,-78.06,62.38,,,,,,,stand_to_sit,aswin,01
2026-04-19T18:59:09.979,,182.75,-77.69,62.25,,,,,,,stand_to_sit,aswin,01
2026-04-19T18:59:10.014,,182.75,-77.25,61.75,,,,,,,stand_to_sit,aswin,01
2026-04-19T18:59:10.044,,182.94,-76.69,61.25,,,,,,,stand_to_sit,aswin,01
2026-04-19T18:59:10.075,,183.31,-76.38,61.25,,,,,,,stand_to_sit,aswin,01
2026-04-19T18:59:10.106,,183.75,-76.19,61.38,,,,,,,stand_to_sit,aswin,01
2026-04-19T18:59:10.137,,184.06,-76.00,61.19,,,,,,,stand_to_sit,aswin,01
2026-04-19T18:59:10.170,,184.19,-75.88,60.75,,,,,,,stand_to_sit,aswin,01
2026-04-19T18:59:10.202,,184.25,-75.81,60.12,,,,,,,stand_to_sit,aswin,01
2026-04-19T18:59:10.232,,184.12,-75.75,59.25,,,,,,,stand_to_sit,aswin,01
2026-04-19T18:59:10.263,,183.88,-75.75,57.88,,,,,,,stand_to_sit,aswin,01
2026-04-19T18:59:10.295,,183.62,-75.75,56.75,,,,,,,stand_to_sit,aswin,01
2026-04-19T18:59:10.326,,183.38,-75.75,55.75,,,,,,,stand_to_sit,aswin,01
2026-04-19T18:59:10.357,,183.31,-75.88,54.94,,,,,,,stand_to_sit,aswin,01
2026-04-19T18:59:10.389,,183.44,-76.12,54.44,,,,,,,stand_to_sit,aswin,01
2026-04-19T18:59:10.421,,183.25,-76.31,53.50,,,,,,,stand_to_sit,aswin,01
2026-04-19T18:59:10.454,,182.81,-76.50,52.06,,,,,,,stand_to_sit,aswin,01
2026-04-19T18:59:10.487,,182.44,-76.94,50.62,,,,,,,stand_to_sit,aswin,01
2026-04-19T18:59:10.516,,181.88,-77.62,49.00,,,,,,,stand_to_sit,aswin,01
2026-04-19T18:59:10.547,,181.62,-78.12,48.38,,,,,,,stand_to_sit,aswin,01
2026-04-19T18:59:10.579,,181.56,-78.38,48.44,,,,,,,stand_to_sit,aswin,01
2026-04-19T18:59:10.613,,181.69,-78.62,49.25,,,,,,,stand_to_sit,aswin,01
2026-04-19T18:59:10.643,,182.00,-78.81,50.50,,,,,,,stand_to_sit,aswin,01
2026-04-19T18:59:10.678,,182.31,-79.00,51.81,,,,,,,stand_to_sit,aswin,01
2026-04-19T18:59:10.706,,182.69,-79.25,53.19,,,,,,,stand_to_sit,aswin,01
2026-04-19T18:59:10.737,,182.81,-79.38,53.69,,,,,,,stand_to_sit,aswin,01
2026-04-19T18:59:10.769,,182.75,-79.44,53.75,,,,,,,stand_to_sit,aswin,01
2026-04-19T18:59:10.800,,182.75,-79.50,53.69,,,,,,,stand_to_sit,aswin,01
2026-04-19T18:59:10.831,,182.75,-79.50,53.69,,,,,,,stand_to_sit,aswin,01
2026-04-19T18:59:10.862,,182.75,-79.50,53.69,,,,,,,stand_to_sit,aswin,01
2026-04-19T18:59:10.895,,182.75,-79.50,53.75,,,,,,,stand_to_sit,aswin,01
2026-04-19T18:59:10.928,,182.75,-79.50,53.81,,,,,,,stand_to_sit,aswin,01
2026-04-19T18:59:10.958,,182.75,-79.50,53.81,,,,,,,stand_to_sit,aswin,01
2026-04-19T18:59:10.988,,182.69,-79.50,53.69,,,,,,,stand_to_sit,aswin,01
2026-04-19T18:59:11.019,,182.69,-79.50,53.75,,,,,,,stand_to_sit,aswin,01
2026-04-19T18:59:11.050,,182.69,-79.56,53.81,,,,,,,stand_to_sit,aswin,01
2026-04-19T18:59:11.085,,182.75,-79.56,53.94,,,,,,,stand_to_sit,aswin,01
2026-04-19T18:59:11.122,,182.75,-79.62,54.06,,,,,,,stand_to_sit,aswin,01
2026-04-19T18:59:11.148,,182.75,-79.62,54.12,,,,,,,stand_to_sit,aswin,01
2026-04-19T18:59:11.178,,182.75,-79.62,54.12,,,,,,,stand_to_sit,aswin,01
2026-04-19T18:59:11.209,,182.75,-79.62,54.19,,,,,,,stand_to_sit,aswin,01
2026-04-19T18:59:11.242,,182.69,-79.62,54.19,,,,,,,stand_to_sit,aswin,01
2026-04-19T18:59:11.271,,182.69,-79.62,54.12,,,,,,,stand_to_sit,aswin,01
2026-04-19T18:59:11.310,,182.62,-79.62,53.94,,,,,,,stand_to_sit,aswin,01
2026-04-19T18:59:11.333,,182.56,-79.56,53.75,,,,,,,stand_to_sit,aswin,01
2026-04-19T18:59:11.366,,182.50,-79.56,53.50,,,,,,,stand_to_sit,aswin,01
2026-04-19T18:59:11.403,,182.44,-79.50,53.12,,,,,,,stand_to_sit,aswin,01
2026-04-19T18:59:11.429,,182.31,-79.44,52.75,,,,,,,stand_to_sit,aswin,01
2026-04-19T18:59:11.460,,182.25,-79.38,52.62,,,,,,,stand_to_sit,aswin,01
2026-04-19T18:59:11.494,,182.31,-79.12,52.88,,,,,,,stand_to_sit,aswin,01
2026-04-19T18:59:11.524,,182.44,-78.75,53.25,,,,,,,stand_to_sit,aswin,01
2026-04-19T18:59:11.555,,182.62,-78.38,53.81,,,,,,,stand_to_sit,aswin,01
2026-04-19T18:59:11.587,,183.00,-78.06,54.81,,,,,,,stand_to_sit,aswin,01
2026-04-19T18:59:11.623,,183.62,-77.94,56.62,,,,,,,stand_to_sit,aswin,01
2026-04-19T18:59:11.655,,184.88,-78.00,59.75,,,,,,,stand_to_sit,aswin,01
2026-04-19T18:59:11.681,,185.50,-77.88,61.38,,,,,,,stand_to_sit,aswin,01
2026-04-19T18:59:11.730,,185.88,-77.69,62.25,,,,,,,stand_to_sit,aswin,01
2026-04-19T18:59:11.743,,185.81,-77.50,62.31,,,,,,,stand_to_sit,aswin,01
2026-04-19T18:59:11.775,,185.44,-77.31,61.88,,,,,,,stand_to_sit,aswin,01
2026-04-19T18:59:11.824,,185.00,-77.25,61.25,,,,,,,stand_to_sit,aswin,01
2026-04-19T18:59:11.838,,184.56,-77.31,60.69,,,,,,,stand_to_sit,aswin,01
2026-04-19T18:59:11.871,,184.38,-77.56,60.44,,,,,,,stand_to_sit,aswin,01
2026-04-19T18:59:11.901,,184.25,-78.00,60.00,,,,,,,stand_to_sit,aswin,01
2026-04-19T18:59:11.932,,183.88,-78.38,58.88,,,,,,,stand_to_sit,aswin,01
2026-04-19T18:59:11.963,,182.94,-78.81,56.62,,,,,,,stand_to_sit,aswin,01
2026-04-19T18:59:11.993,,182.12,-79.50,54.06,,,,,,,stand_to_sit,aswin,01
2026-04-19T18:59:12.027,,181.44,-80.31,51.19,,,,,,,stand_to_sit,aswin,01
2026-04-19T18:59:12.058,,180.81,-81.06,47.56,,,,,,,stand_to_sit,aswin,01
2026-04-19T18:59:12.088,,180.31,-81.62,43.75,,,,,,,stand_to_sit,aswin,01
2026-04-19T18:59:12.127,,180.06,-81.94,40.44,,,,,,,stand_to_sit,aswin,01
2026-04-19T18:59:12.155,,179.94,-82.06,37.62,,,,,,,stand_to_sit,aswin,01
2026-04-19T18:59:12.183,,179.69,-82.12,36.50,,,,,,,stand_to_sit,aswin,01
2026-04-19T18:59:12.214,,179.38,-82.12,35.44,,,,,,,stand_to_sit,aswin,01
2026-04-19T18:59:12.245,,179.31,-82.12,35.00,,,,,,,stand_to_sit,aswin,01
2026-04-19T18:59:12.276,,179.50,-82.06,35.38,,,,,,,stand_to_sit,aswin,01
2026-04-19T18:59:12.310,,179.62,-81.94,36.44,,,,,,,stand_to_sit,aswin,01
2026-04-19T18:59:12.340,,179.56,-81.88,37.69,,,,,,,stand_to_sit,aswin,01
2026-04-19T18:59:12.374,,179.62,-81.75,39.00,,,,,,,stand_to_sit,aswin,01
2026-04-19T18:59:12.414,,179.88,-81.69,40.94,,,,,,,stand_to_sit,aswin,01
2026-04-19T18:59:12.435,,180.06,-81.69,42.31,,,,,,,stand_to_sit,aswin,01
2026-04-19T18:59:12.466,,180.25,-81.69,43.75,,,,,,,stand_to_sit,aswin,01
2026-04-19T18:59:12.498,,180.50,-81.69,45.38,,,,,,,stand_to_sit,aswin,01
2026-04-19T18:59:12.528,,180.75,-81.69,47.38,,,,,,,stand_to_sit,aswin,01
2026-04-19T18:59:12.563,,181.00,-81.62,49.44,,,,,,,stand_to_sit,aswin,01
2026-04-19T18:59:12.597,,181.25,-81.62,51.62,,,,,,,stand_to_sit,aswin,01
2026-04-19T18:59:12.625,,181.44,-81.62,53.69,,,,,,,stand_to_sit,aswin,01
2026-04-19T18:59:12.656,,181.69,-81.62,56.38,,,,,,,stand_to_sit,aswin,01
2026-04-19T18:59:12.687,,181.88,-81.62,58.25,,,,,,,stand_to_sit,aswin,01
2026-04-19T18:59:12.718,,181.94,-81.69,59.94,,,,,,,stand_to_sit,aswin,01
2026-04-19T18:59:12.748,,182.00,-81.75,61.44,,,,,,,stand_to_sit,aswin,01
2026-04-19T18:59:12.780,,182.06,-81.88,62.94,,,,,,,stand_to_sit,aswin,01
2026-04-19T18:59:12.812,,182.12,-81.94,64.50,,,,,,,stand_to_sit,aswin,01
2026-04-19T18:59:12.844,,182.12,-82.00,65.94,,,,,,,stand_to_sit,aswin,01
2026-04-19T18:59:12.874,,182.12,-82.12,67.06,,,,,,,stand_to_sit,aswin,01
2026-04-19T18:59:12.906,,182.12,-82.19,68.44,,,,,,,stand_to_sit,aswin,01
2026-04-19T18:59:12.937,,182.12,-82.25,69.38,,,,,,,stand_to_sit,aswin,01
2026-04-19T18:59:12.968,,182.12,-82.31,70.25,,,,,,,stand_to_sit,aswin,01
2026-04-19T18:59:13.014,,182.12,-82.38,71.12,,,,,,,stand_to_sit,aswin,01
2026-04-19T18:59:13.030,,182.12,-82.44,71.94,,,,,,,stand_to_sit,aswin,01
2026-04-19T18:59:13.063,,182.12,-82.44,72.69,,,,,,,stand_to_sit,aswin,01
2026-04-19T18:59:13.094,,182.12,-82.50,73.38,,,,,,,stand_to_sit,aswin,01
2026-04-19T18:59:13.126,,182.06,-82.62,74.12,,,,,,,stand_to_sit,aswin,01
2026-04-19T18:59:13.157,,181.88,-82.81,74.94,,,,,,,stand_to_sit,aswin,01
2026-04-19T18:59:13.188,,181.75,-83.00,75.44,,,,,,,stand_to_sit,aswin,01
2026-04-19T18:59:13.220,,181.56,-83.25,6.50,,,,,,,stand_to_sit,aswin,01
2026-04-19T18:59:13.251,,181.31,-83.50,6.25,,,,,,,stand_to_sit,aswin,01
2026-04-19T18:59:13.282,,181.06,-83.69,6.00,,,,,,,stand_to_sit,aswin,01
2026-04-19T18:59:13.314,,180.88,-83.94,5.81,,,,,,,stand_to_sit,aswin,01
2026-04-19T18:59:13.345,,180.62,-84.12,5.62,,,,,,,stand_to_sit,aswin,01
2026-04-19T18:59:13.377,,180.38,-84.25,5.44,,,,,,,stand_to_sit,aswin,01
2026-04-19T18:59:13.408,,180.25,-84.31,5.38,,,,,,,stand_to_sit,aswin,01
2026-04-19T18:59:13.439,,180.31,-84.25,5.44,,,,,,,stand_to_sit,aswin,01
2026-04-19T18:59:13.472,,180.44,-84.06,5.56,,,,,,,stand_to_sit,aswin,01
2026-04-19T18:59:13.503,,180.50,-83.88,5.69,,,,,,,stand_to_sit,aswin,01
2026-04-19T18:59:13.533,,180.62,-83.75,5.88,,,,,,,stand_to_sit,aswin,01
2026-04-19T18:59:13.565,,180.75,-83.56,5.94,,,,,,,stand_to_sit,aswin,01
2026-04-19T18:59:13.597,,180.81,-83.44,6.00,,,,,,,stand_to_sit,aswin,01
2026-04-19T18:59:13.632,,180.81,-83.38,6.06,,,,,,,stand_to_sit,aswin,01
2026-04-19T18:59:13.660,,180.75,-83.38,6.00,,,,,,,stand_to_sit,aswin,01
2026-04-19T18:59:13.691,,180.69,-83.38,5.94,,,,,,,stand_to_sit,aswin,01
2026-04-19T18:59:13.724,,180.69,-83.38,5.88,,,,,,,stand_to_sit,aswin,01
2026-04-19T18:59:13.752,,180.69,-83.25,5.94,,,,,,,stand_to_sit,aswin,01
2026-04-19T18:59:13.784,,180.75,-83.12,62.44,,,,,,,stand_to_sit,aswin,01
2026-04-19T18:59:13.816,,180.94,-82.88,62.31,,,,,,,stand_to_sit,aswin,01
2026-04-19T18:59:13.847,,181.12,-82.62,62.12,,,,,,,stand_to_sit,aswin,01
2026-04-19T18:59:13.880,,181.31,-82.38,62.06,,,,,,,stand_to_sit,aswin,01
2026-04-19T18:59:13.910,,181.62,-81.94,62.19,,,,,,,stand_to_sit,aswin,01
2026-04-19T18:59:13.941,,181.94,-81.56,62.50,,,,,,,stand_to_sit,aswin,01
2026-04-19T18:59:13.971,,182.19,-81.25,62.88,,,,,,,stand_to_sit,aswin,01
2026-04-19T18:59:14.003,,182.56,-80.94,63.44,,,,,,,stand_to_sit,aswin,01
2026-04-19T18:59:14.034,,183.00,-80.56,64.44,,,,,,,stand_to_sit,aswin,01
2026-04-19T18:59:14.070,,183.50,-80.12,65.12,,,,,,,stand_to_sit,aswin,01
2026-04-19T18:59:14.098,,183.81,-79.69,65.12,,,,,,,stand_to_sit,aswin,01
2026-04-19T18:59:14.130,,184.00,-79.19,65.00,,,,,,,stand_to_sit,aswin,01
2026-04-19T18:59:14.162,,184.50,-78.62,65.31,,,,,,,stand_to_sit,aswin,01
2026-04-19T18:59:14.194,,184.88,-78.12,65.50,,,,,,,stand_to_sit,aswin,01
2026-04-19T18:59:14.223,,185.12,-77.62,65.31,,,,,,,stand_to_sit,aswin,01
2026-04-19T18:59:14.255,,185.38,-77.12,65.12,,,,,,,stand_to_sit,aswin,01
2026-04-19T18:59:14.285,,185.69,-76.75,65.06,,,,,,,stand_to_sit,aswin,01
2026-04-19T18:59:14.319,,185.81,-76.44,64.88,,,,,,,stand_to_sit,aswin,01
2026-04-19T18:59:14.349,,185.81,-76.25,64.38,,,,,,,stand_to_sit,aswin,01
2026-04-19T18:59:14.381,,185.44,-76.19,63.56,,,,,,,stand_to_sit,aswin,01
2026-04-19T18:59:14.412,,184.88,-76.19,62.38,,,,,,,stand_to_sit,aswin,01
2026-04-19T18:59:14.443,,184.50,-76.38,61.62,,,,,,,stand_to_sit,aswin,01
2026-04-19T18:59:14.479,,184.06,-76.62,60.69,,,,,,,stand_to_sit,aswin,01
2026-04-19T18:59:14.506,,183.50,-77.00,59.62,,,,,,,stand_to_sit,aswin,01
2026-04-19T18:59:14.538,,183.12,-77.50,58.75,,,,,,,stand_to_sit,aswin,01
2026-04-19T18:59:14.568,,182.81,-78.12,58.12,,,,,,,stand_to_sit,aswin,01
2026-04-19T18:59:14.605,,182.62,-78.75,57.75,,,,,,,stand_to_sit,aswin,01
2026-04-19T18:59:14.632,,182.56,-79.38,57.69,,,,,,,stand_to_sit,aswin,01
2026-04-19T18:59:14.663,,182.56,-80.06,57.88,,,,,,,stand_to_sit,aswin,01
2026-04-19T18:59:14.695,,182.50,-80.31,57.88,,,,,,,stand_to_sit,aswin,01
2026-04-19T18:59:14.726,,182.50,-80.38,58.00,,,,,,,stand_to_sit,aswin,01
2026-04-19T18:59:14.755,,182.44,-80.31,58.12,,,,,,,stand_to_sit,aswin,01
2026-04-19T18:59:14.787,,182.50,-80.31,58.44,,,,,,,stand_to_sit,aswin,01
2026-04-19T18:59:14.822,,182.56,-80.31,58.88,,,,,,,stand_to_sit,aswin,01
2026-04-19T18:59:14.851,,182.69,-80.31,59.44,,,,,,,stand_to_sit,aswin,01
2026-04-19T18:59:14.884,,182.75,-80.38,59.88,,,,,,,stand_to_sit,aswin,01
2026-04-19T18:59:14.915,,182.75,-80.44,60.00,,,,,,,stand_to_sit,aswin,01
2026-04-19T18:59:14.945,,182.75,-80.44,59.94,,,,,,,stand_to_sit,aswin,01
2026-04-19T18:59:14.977,,182.75,-80.44,59.94,,,,,,,stand_to_sit,aswin,01
2026-04-19T18:59:15.009,,182.75,-80.44,60.06,,,,,,,stand_to_sit,aswin,01
2026-04-19T18:59:15.038,,182.75,-80.50,60.25,,,,,,,stand_to_sit,aswin,01
2026-04-19T18:59:15.072,,182.75,-80.50,60.25,,,,,,,stand_to_sit,aswin,01
2026-04-19T18:59:15.103,,182.75,-80.50,60.31,,,,,,,stand_to_sit,aswin,01
2026-04-19T18:59:15.137,,182.75,-80.50,60.38,,,,,,,stand_to_sit,aswin,01
2026-04-19T18:59:15.166,,182.75,-80.56,60.44,,,,,,,stand_to_sit,aswin,01
2026-04-19T18:59:15.198,,182.75,-80.56,60.50,,,,,,,stand_to_sit,aswin,01
2026-04-19T18:59:15.230,,182.75,-80.56,60.50,,,,,,,stand_to_sit,aswin,01
2026-04-19T18:59:15.259,,182.75,-80.56,60.62,,,,,,,stand_to_sit,aswin,01
2026-04-19T18:59:15.290,,182.75,-80.56,60.81,,,,,,,stand_to_sit,aswin,01
2026-04-19T18:59:15.323,,182.75,-80.62,60.88,,,,,,,stand_to_sit,aswin,01
2026-04-19T18:59:15.355,,182.75,-80.62,61.00,,,,,,,stand_to_sit,aswin,01
2026-04-19T18:59:15.388,,182.75,-80.62,60.94,,,,,,,stand_to_sit,aswin,01
2026-04-19T18:59:15.419,,182.75,-80.62,60.88,,,,,,,stand_to_sit,aswin,01
2026-04-19T18:59:15.448,,182.75,-80.62,60.81,,,,,,,stand_to_sit,aswin,01
2026-04-19T18:59:15.479,,182.75,-80.62,60.81,,,,,,,stand_to_sit,aswin,01
2026-04-19T18:59:15.511,,182.75,-80.62,60.88,,,,,,,stand_to_sit,aswin,01
2026-04-19T18:59:15.542,,182.75,-80.62,60.88,,,,,,,stand_to_sit,aswin,01
2026-04-19T18:59:15.575,,182.69,-80.62,60.81,,,,,,,stand_to_sit,aswin,01
2026-04-19T18:59:15.606,,182.69,-80.69,60.81,,,,,,,stand_to_sit,aswin,01
2026-04-19T18:59:15.639,,182.69,-80.69,60.88,,,,,,,stand_to_sit,aswin,01
2026-04-19T18:59:15.669,,182.69,-80.69,60.88,,,,,,,stand_to_sit,aswin,01
2026-04-19T18:59:15.699,,182.69,-80.69,60.94,,,,,,,stand_to_sit,aswin,01
2026-04-19T18:59:15.729,,182.69,-80.69,60.94,,,,,,,stand_to_sit,aswin,01
2026-04-19T18:59:15.760,,182.69,-80.69,61.00,,,,,,,stand_to_sit,aswin,01
2026-04-19T18:59:15.791,,182.69,-80.69,61.00,,,,,,,stand_to_sit,aswin,01
2026-04-19T18:59:15.825,,182.69,-80.69,61.06,,,,,,,stand_to_sit,aswin,01
2026-04-19T18:59:15.857,,182.69,-80.69,61.06,,,,,,,stand_to_sit,aswin,01
2026-04-19T18:59:15.889,,182.69,-80.75,61.12,,,,,,,stand_to_sit,aswin,01
2026-04-19T18:59:15.918,,182.69,-80.75,61.12,,,,,,,stand_to_sit,aswin,01
2026-04-19T18:59:15.949,,182.69,-80.75,61.31,,,,,,,stand_to_sit,aswin,01
2026-04-19T18:59:15.982,,182.69,-80.75,61.50,,,,,,,stand_to_sit,aswin,01
2026-04-19T18:59:16.014,,182.75,-80.81,61.88,,,,,,,stand_to_sit,aswin,01
2026-04-19T18:59:16.045,,182.81,-80.81,62.19,,,,,,,stand_to_sit,aswin,01
2026-04-19T18:59:16.078,,182.88,-80.88,62.56,,,,,,,stand_to_sit,aswin,01
2026-04-19T18:59:16.109,,182.94,-80.88,62.94,,,,,,,stand_to_sit,aswin,01
2026-04-19T18:59:16.142,,182.94,-80.94,63.00,,,,,,,stand_to_sit,aswin,01
2026-04-19T18:59:16.171,,182.88,-80.88,62.81,,,,,,,stand_to_sit,aswin,01
2026-04-19T18:59:16.203,,182.88,-80.88,62.62,,,,,,,stand_to_sit,aswin,01
2026-04-19T18:59:16.233,,182.88,-80.88,62.50,,,,,,,stand_to_sit,aswin,01
2026-04-19T18:59:16.266,,182.88,-80.88,62.50,,,,,,,stand_to_sit,aswin,01
2026-04-19T18:59:16.299,,182.88,-80.88,62.38,,,,,,,stand_to_sit,aswin,01
2026-04-19T18:59:16.332,,182.88,-80.88,62.19,,,,,,,stand_to_sit,aswin,01
2026-04-19T18:59:16.362,,182.81,-80.81,62.06,,,,,,,stand_to_sit,aswin,01
2026-04-19T18:59:16.393,,182.81,-80.81,61.88,,,,,,,stand_to_sit,aswin,01
2026-04-19T18:59:16.423,,182.75,-80.81,61.69,,,,,,,stand_to_sit,aswin,01
2026-04-19T18:59:16.455,,182.75,-80.75,61.44,,,,,,,stand_to_sit,aswin,01
2026-04-19T18:59:16.487,,182.69,-80.75,61.25,,,,,,,stand_to_sit,aswin,01
2026-04-19T18:59:16.520,,182.62,-80.75,60.94,,,,,,,stand_to_sit,aswin,01
2026-04-19T18:59:16.551,,182.56,-80.69,60.62,,,,,,,stand_to_sit,aswin,01
2026-04-19T18:59:16.583,,182.56,-80.62,60.44,,,,,,,stand_to_sit,aswin,01
2026-04-19T18:59:16.614,,182.50,-80.56,60.12,,,,,,,stand_to_sit,aswin,01
2026-04-19T18:59:16.645,,182.44,-80.50,59.75,,,,,,,stand_to_sit,aswin,01
2026-04-19T18:59:16.676,,182.38,-80.44,59.25,,,,,,,stand_to_sit,aswin,01
2026-04-19T18:59:16.705,,182.25,-80.31,58.69,,,,,,,stand_to_sit,aswin,01
2026-04-19T18:59:16.740,,182.12,-80.19,58.00,,,,,,,stand_to_sit,aswin,01
2026-04-19T18:59:16.771,,182.00,-80.06,57.25,,,,,,,stand_to_sit,aswin,01
2026-04-19T18:59:16.802,,181.81,-79.88,56.12,,,,,,,stand_to_sit,aswin,01
2026-04-19T18:59:16.837,,181.62,-79.75,55.31,,,,,,,stand_to_sit,aswin,01
2026-04-19T18:59:16.864,,181.44,-79.56,54.44,,,,,,,stand_to_sit,aswin,01
2026-04-19T18:59:16.895,,181.25,-79.44,53.69,,,,,,,stand_to_sit,aswin,01
2026-04-19T18:59:16.926,,181.12,-79.25,53.00,,,,,,,stand_to_sit,aswin,01
2026-04-19T18:59:16.958,,181.00,-79.12,52.38,,,,,,,stand_to_sit,aswin,01
2026-04-19T18:59:16.990,,180.88,-79.00,51.88,,,,,,,stand_to_sit,aswin,01
2026-04-19T18:59:17.022,,180.75,-78.94,51.44,,,,,,,stand_to_sit,aswin,01
2026-04-19T18:59:17.053,,180.62,-78.81,50.94,,,,,,,stand_to_sit,aswin,01
2026-04-19T18:59:17.084,,180.50,-78.75,50.62,,,,,,,stand_to_sit,aswin,01
2026-04-19T18:59:17.115,,180.44,-78.75,50.44,,,,,,,stand_to_sit,aswin,01
2026-04-19T18:59:17.146,,180.44,-78.75,50.44,,,,,,,stand_to_sit,aswin,01
2026-04-19T18:59:17.178,,180.44,-78.75,50.56,,,,,,,stand_to_sit,aswin,01
2026-04-19T18:59:17.235,,180.50,-78.81,50.81,,,,,,,stand_to_sit,aswin,01
2026-04-19T18:59:17.243,,180.56,-78.88,51.00,,,,,,,stand_to_sit,aswin,01
2026-04-19T18:59:17.274,,180.50,-78.88,51.00,,,,,,,stand_to_sit,aswin,01
2026-04-19T18:59:17.305,,180.50,-78.81,50.94,,,,,,,stand_to_sit,aswin,01
2026-04-19T18:59:17.336,,180.44,-78.81,50.88,,,,,,,stand_to_sit,aswin,01
2026-04-19T18:59:17.370,,180.50,-78.75,50.94,,,,,,,stand_to_sit,aswin,01
2026-04-19T18:59:17.398,,180.50,-78.75,51.00,,,,,,,stand_to_sit,aswin,01
2026-04-19T18:59:17.457,,180.44,-78.69,50.94,,,,,,,stand_to_sit,aswin,01
2026-04-19T18:59:17.462,,180.44,-78.62,50.81,,,,,,,stand_to_sit,aswin,01
2026-04-19T18:59:17.495,,180.44,-78.56,50.75,,,,,,,stand_to_sit,aswin,01
2026-04-19T18:59:17.525,,180.38,-78.44,50.56,,,,,,,stand_to_sit,aswin,01
2026-04-19T18:59:17.557,,180.19,-78.38,50.00,,,,,,,stand_to_sit,aswin,01
2026-04-19T18:59:17.589,,179.88,-78.19,49.12,,,,,,,stand_to_sit,aswin,01
2026-04-19T18:59:17.619,,179.50,-78.00,48.06,,,,,,,stand_to_sit,aswin,01
2026-04-19T18:59:17.677,,179.06,-77.69,46.88,,,,,,,stand_to_sit,aswin,01
2026-04-19T18:59:17.681,,178.69,-77.38,45.75,,,,,,,stand_to_sit,aswin,01
2026-04-19T18:59:17.713,,178.31,-77.00,44.69,,,,,,,stand_to_sit,aswin,01
2026-04-19T18:59:17.745,,178.06,-76.56,43.94,,,,,,,stand_to_sit,aswin,01
2026-04-19T18:59:17.775,,178.00,-76.06,43.06,,,,,,,stand_to_sit,aswin,01
2026-04-19T18:59:17.807,,178.12,-75.69,42.44,,,,,,,stand_to_sit,aswin,01
2026-04-19T18:59:17.839,,178.31,-75.38,42.12,,,,,,,stand_to_sit,aswin,01
2026-04-19T18:59:17.898,,178.62,-75.19,42.25,,,,,,,stand_to_sit,aswin,01
2026-04-19T18:59:17.930,,179.00,-75.19,42.88,,,,,,,stand_to_sit,aswin,01
2026-04-19T18:59:17.934,,179.50,-75.25,43.94,,,,,,,stand_to_sit,aswin,01
2026-04-19T18:59:17.964,,179.94,-75.44,45.12,,,,,,,stand_to_sit,aswin,01
2026-04-19T18:59:17.996,,180.19,-75.50,45.94,,,,,,,stand_to_sit,aswin,01
2026-04-19T18:59:18.027,,180.12,-75.62,46.44,,,,,,,stand_to_sit,aswin,01
2026-04-19T18:59:18.058,,180.00,-75.69,46.44,,,,,,,stand_to_sit,aswin,01
2026-04-19T18:59:18.122,,179.50,-75.75,45.94,,,,,,,stand_to_sit,aswin,01
2026-04-19T18:59:18.122,,178.75,-75.81,45.25,,,,,,,stand_to_sit,aswin,01
2026-04-19T18:59:18.151,,178.31,-76.19,44.56,,,,,,,stand_to_sit,aswin,01
2026-04-19T18:59:18.184,,178.19,-76.75,43.94,,,,,,,stand_to_sit,aswin,01
2026-04-19T18:59:18.215,,177.94,-77.19,43.06,,,,,,,stand_to_sit,aswin,01
2026-04-19T18:59:18.247,,177.44,-77.50,41.75,,,,,,,stand_to_sit,aswin,01
2026-04-19T18:59:18.278,,176.50,-77.88,39.12,,,,,,,stand_to_sit,aswin,01
2026-04-19T18:59:18.310,,175.94,-78.19,37.06,,,,,,,stand_to_sit,aswin,01
2026-04-19T18:59:18.340,,175.38,-78.38,35.12,,,,,,,stand_to_sit,aswin,01
2026-04-19T18:59:18.371,,175.06,-78.50,33.50,,,,,,,stand_to_sit,aswin,01
2026-04-19T18:59:18.404,,174.94,-78.56,32.12,,,,,,,stand_to_sit,aswin,01
2026-04-19T18:59:18.434,,175.19,-78.62,31.19,,,,,,,stand_to_sit,aswin,01
2026-04-19T18:59:18.466,,175.56,-78.62,30.75,,,,,,,stand_to_sit,aswin,01
2026-04-19T18:59:18.501,,176.06,-78.56,30.94,,,,,,,stand_to_sit,aswin,01
2026-04-19T18:59:18.531,,176.94,-78.56,31.56,,,,,,,stand_to_sit,aswin,01
2026-04-19T18:59:18.561,,177.75,-78.50,32.56,,,,,,,stand_to_sit,aswin,01
2026-04-19T18:59:18.593,,178.56,-78.38,33.81,,,,,,,stand_to_sit,aswin,01
2026-04-19T18:59:18.624,,178.88,-78.12,35.56,,,,,,,stand_to_sit,aswin,01
2026-04-19T18:59:18.655,,179.25,-77.94,37.50,,,,,,,stand_to_sit,aswin,01
2026-04-19T18:59:18.688,,179.81,-77.75,39.62,,,,,,,stand_to_sit,aswin,01
2026-04-19T18:59:18.718,,180.38,-77.56,41.69,,,,,,,stand_to_sit,aswin,01
2026-04-19T18:59:18.752,,180.75,-77.38,43.56,,,,,,,stand_to_sit,aswin,01
2026-04-19T18:59:18.781,,181.00,-77.31,45.56,,,,,,,stand_to_sit,aswin,01
2026-04-19T18:59:18.811,,181.12,-77.38,46.56,,,,,,,stand_to_sit,aswin,01
2026-04-19T18:59:18.843,,181.19,-77.44,47.44,,,,,,,stand_to_sit,aswin,01
2026-04-19T18:59:18.876,,181.25,-77.62,48.25,,,,,,,stand_to_sit,aswin,01
2026-04-19T18:59:18.906,,181.31,-77.75,49.25,,,,,,,stand_to_sit,aswin,01
2026-04-19T18:59:18.940,,181.31,-77.88,50.50,,,,,,,stand_to_sit,aswin,01
2026-04-19T18:59:18.971,,181.44,-77.94,52.12,,,,,,,stand_to_sit,aswin,01
2026-04-19T18:59:19.002,,181.62,-78.00,53.25,,,,,,,stand_to_sit,aswin,01
2026-04-19T18:59:19.033,,181.75,-78.06,54.44,,,,,,,stand_to_sit,aswin,01
2026-04-19T18:59:19.063,,181.88,-78.12,55.75,,,,,,,stand_to_sit,aswin,01
2026-04-19T18:59:19.095,,182.00,-78.12,57.12,,,,,,,stand_to_sit,aswin,01
2026-04-19T18:59:19.127,,182.06,-78.06,58.75,,,,,,,stand_to_sit,aswin,01
2026-04-19T18:59:19.161,,182.19,-78.06,60.25,,,,,,,stand_to_sit,aswin,01
2026-04-19T18:59:19.192,,182.31,-78.06,61.62,,,,,,,stand_to_sit,aswin,01
2026-04-19T18:59:19.223,,182.38,-78.19,63.44,,,,,,,stand_to_sit,aswin,01
2026-04-19T18:59:19.253,,182.38,-78.31,64.69,,,,,,,stand_to_sit,aswin,01
2026-04-19T18:59:19.284,,182.44,-78.44,65.94,,,,,,,stand_to_sit,aswin,01
2026-04-19T18:59:19.316,,182.44,-78.56,67.00,,,,,,,stand_to_sit,aswin,01
2026-04-19T18:59:19.346,,182.50,-78.69,68.06,,,,,,,stand_to_sit,aswin,01
2026-04-19T18:59:19.378,,182.56,-78.81,69.12,,,,,,,stand_to_sit,aswin,01
2026-04-19T18:59:19.408,,182.62,-78.88,70.19,,,,,,,stand_to_sit,aswin,01
2026-04-19T18:59:19.444,,182.69,-78.94,71.12,,,,,,,stand_to_sit,aswin,01
2026-04-19T18:59:19.472,,182.81,-78.94,72.12,,,,,,,stand_to_sit,aswin,01
2026-04-19T18:59:19.503,,182.88,-79.00,73.31,,,,,,,stand_to_sit,aswin,01
2026-04-19T18:59:19.535,,182.88,-79.00,74.19,,,,,,,stand_to_sit,aswin,01
2026-04-19T18:59:19.566,,182.94,-79.00,75.00,,,,,,,stand_to_sit,aswin,01
2026-04-19T18:59:19.599,,183.00,-79.06,75.69,,,,,,,stand_to_sit,aswin,01
2026-04-19T18:59:19.628,,183.00,-79.12,76.12,,,,,,,stand_to_sit,aswin,01
2026-04-19T18:59:19.660,,183.00,-79.12,76.50,,,,,,,stand_to_sit,aswin,01
2026-04-19T18:59:19.690,,182.94,-79.19,76.81,,,,,,,stand_to_sit,aswin,01
2026-04-19T18:59:19.724,,182.94,-79.19,77.00,,,,,,,stand_to_sit,aswin,01
2026-04-19T18:59:19.755,,182.88,-79.25,77.12,,,,,,,stand_to_sit,aswin,01
2026-04-19T18:59:19.784,,182.81,-79.31,77.25,,,,,,,stand_to_sit,aswin,01
2026-04-19T18:59:19.816,,182.81,-79.31,77.19,,,,,,,stand_to_sit,aswin,01
2026-04-19T18:59:19.847,,182.69,-79.44,77.19,,,,,,,stand_to_sit,aswin,01
2026-04-19T18:59:19.880,,182.62,-79.50,77.06,,,,,,,stand_to_sit,aswin,01
2026-04-19T18:59:19.913,,182.62,-79.56,76.81,,,,,,,stand_to_sit,aswin,01
2026-04-19T18:59:19.942,,182.56,-79.62,76.44,,,,,,,stand_to_sit,aswin,01
2026-04-19T18:59:19.973,,182.44,-79.69,76.00,,,,,,,stand_to_sit,aswin,01
2026-04-19T18:59:20.017,,182.31,-79.81,75.44,,,,,,,stand_to_sit,aswin,01
2026-04-19T18:59:20.036,,182.12,-79.88,74.69,,,,,,,stand_to_sit,aswin,01
2026-04-19T18:59:20.068,,182.00,-80.00,74.00,,,,,,,stand_to_sit,aswin,01
2026-04-19T18:59:20.098,,181.81,-80.19,73.19,,,,,,,stand_to_sit,aswin,01
2026-04-19T18:59:20.129,,181.56,-80.31,72.19,,,,,,,stand_to_sit,aswin,01
2026-04-19T18:59:20.161,,181.25,-80.50,71.12,,,,,,,stand_to_sit,aswin,01
2026-04-19T18:59:20.204,,181.00,-80.69,69.94,,,,,,,stand_to_sit,aswin,01
2026-04-19T18:59:20.225,,180.69,-80.88,68.69,,,,,,,stand_to_sit,aswin,01
2026-04-19T18:59:20.256,,180.44,-81.00,67.31,,,,,,,stand_to_sit,aswin,01
2026-04-19T18:59:20.289,,180.00,-81.25,65.06,,,,,,,stand_to_sit,aswin,01
2026-04-19T18:59:20.318,,179.75,-81.38,63.38,,,,,,,stand_to_sit,aswin,01
2026-04-19T18:59:20.350,,179.50,-81.50,61.81,,,,,,,stand_to_sit,aswin,01
2026-04-19T18:59:20.381,,179.38,-81.50,60.62,,,,,,,stand_to_sit,aswin,01
2026-04-19T18:59:20.411,,179.19,-81.56,59.38,,,,,,,stand_to_sit,aswin,01
2026-04-19T18:59:20.443,,179.00,-81.62,58.00,,,,,,,stand_to_sit,aswin,01
2026-04-19T18:59:20.477,,178.81,-81.69,56.62,,,,,,,stand_to_sit,aswin,01
2026-04-19T18:59:20.507,,178.69,-81.69,55.31,,,,,,,stand_to_sit,aswin,01
2026-04-19T18:59:20.541,,178.50,-81.69,53.56,,,,,,,stand_to_sit,aswin,01
2026-04-19T18:59:20.569,,178.38,-81.69,52.25,,,,,,,stand_to_sit,aswin,01
2026-04-19T18:59:20.603,,178.25,-81.62,51.12,,,,,,,stand_to_sit,aswin,01
2026-04-19T18:59:20.639,,178.25,-81.44,50.31,,,,,,,stand_to_sit,aswin,01
2026-04-19T18:59:20.662,,178.25,-81.25,49.50,,,,,,,stand_to_sit,aswin,01
2026-04-19T18:59:20.695,,178.25,-81.12,48.69,,,,,,,stand_to_sit,aswin,01
2026-04-19T18:59:20.735,,178.31,-80.88,48.19,,,,,,,stand_to_sit,aswin,01
2026-04-19T18:59:20.757,,178.38,-80.69,47.69,,,,,,,stand_to_sit,aswin,01
2026-04-19T18:59:20.789,,178.44,-80.38,47.31,,,,,,,stand_to_sit,aswin,01
2026-04-19T18:59:20.820,,178.50,-80.19,47.31,,,,,,,stand_to_sit,aswin,01
2026-04-19T18:59:20.851,,178.62,-79.94,47.50,,,,,,,stand_to_sit,aswin,01
2026-04-19T18:59:20.882,,178.81,-79.75,47.75,,,,,,,stand_to_sit,aswin,01
2026-04-19T18:59:20.913,,178.88,-79.50,48.00,,,,,,,stand_to_sit,aswin,01
2026-04-19T18:59:20.946,,179.00,-79.25,48.38,,,,,,,stand_to_sit,aswin,01
2026-04-19T18:59:20.977,,179.38,-79.06,49.12,,,,,,,stand_to_sit,aswin,01
2026-04-19T18:59:21.009,,179.69,-78.81,49.94,,,,,,,stand_to_sit,aswin,01
2026-04-19T18:59:21.040,,179.94,-78.44,50.81,,,,,,,stand_to_sit,aswin,01
2026-04-19T18:59:21.071,,180.12,-78.12,51.50,,,,,,,stand_to_sit,aswin,01
2026-04-19T18:59:21.105,,180.50,-77.81,52.44,,,,,,,stand_to_sit,aswin,01
2026-04-19T18:59:21.133,,180.88,-77.50,53.44,,,,,,,stand_to_sit,aswin,01
2026-04-19T18:59:21.163,,181.25,-77.19,54.25,,,,,,,stand_to_sit,aswin,01
2026-04-19T18:59:21.195,,181.56,-76.94,54.81,,,,,,,stand_to_sit,aswin,01
2026-04-19T18:59:21.228,,181.81,-76.62,54.94,,,,,,,stand_to_sit,aswin,01
2026-04-19T18:59:21.260,,182.00,-76.31,55.06,,,,,,,stand_to_sit,aswin,01
2026-04-19T18:59:21.291,,182.12,-75.88,55.19,,,,,,,stand_to_sit,aswin,01
2026-04-19T18:59:21.322,,182.19,-75.56,54.94,,,,,,,stand_to_sit,aswin,01
2026-04-19T18:59:21.353,,182.00,-75.25,54.31,,,,,,,stand_to_sit,aswin,01
2026-04-19T18:59:21.384,,181.62,-75.00,53.12,,,,,,,stand_to_sit,aswin,01
2026-04-19T18:59:21.415,,181.00,-74.88,51.69,,,,,,,stand_to_sit,aswin,01
2026-04-19T18:59:21.448,,180.62,-74.88,50.56,,,,,,,stand_to_sit,aswin,01
2026-04-19T18:59:21.479,,180.38,-75.12,49.75,,,,,,,stand_to_sit,aswin,01
2026-04-19T18:59:21.512,,180.38,-75.50,49.19,,,,,,,stand_to_sit,aswin,01
2026-04-19T18:59:21.545,,180.44,-76.00,48.44,,,,,,,stand_to_sit,aswin,01
2026-04-19T18:59:21.572,,180.25,-76.31,47.44,,,,,,,stand_to_sit,aswin,01
2026-04-19T18:59:21.605,,179.94,-76.56,46.12,,,,,,,stand_to_sit,aswin,01
2026-04-19T18:59:21.635,,179.62,-76.81,44.62,,,,,,,stand_to_sit,aswin,01
2026-04-19T18:59:21.666,,179.25,-77.12,43.38,,,,,,,stand_to_sit,aswin,01
2026-04-19T18:59:21.699,,178.94,-77.38,42.50,,,,,,,stand_to_sit,aswin,01
2026-04-19T18:59:21.730,,178.81,-77.69,42.19,,,,,,,stand_to_sit,aswin,01
2026-04-19T18:59:21.761,,178.94,-77.94,42.56,,,,,,,stand_to_sit,aswin,01
2026-04-19T18:59:21.793,,179.38,-78.25,43.75,,,,,,,stand_to_sit,aswin,01
2026-04-19T18:59:21.824,,179.75,-78.50,45.00,,,,,,,stand_to_sit,aswin,01
2026-04-19T18:59:21.858,,180.12,-78.81,46.19,,,,,,,stand_to_sit,aswin,01
2026-04-19T18:59:21.888,,180.44,-79.06,47.06,,,,,,,stand_to_sit,aswin,01
2026-04-19T18:59:21.918,,180.56,-79.31,47.69,,,,,,,stand_to_sit,aswin,01
2026-04-19T18:59:21.955,,180.50,-79.50,47.94,,,,,,,stand_to_sit,aswin,01
2026-04-19T18:59:21.980,,180.44,-79.56,47.81,,,,,,,stand_to_sit,aswin,01
2026-04-19T18:59:22.013,,180.44,-79.56,47.81,,,,,,,stand_to_sit,aswin,01
2026-04-19T18:59:22.044,,180.44,-79.62,48.06,,,,,,,stand_to_sit,aswin,01
2026-04-19T18:59:22.075,,180.56,-79.69,48.38,,,,,,,stand_to_sit,aswin,01
2026-04-19T18:59:22.106,,180.62,-79.75,48.69,,,,,,,stand_to_sit,aswin,01
2026-04-19T18:59:22.138,,180.62,-79.81,48.88,,,,,,,stand_to_sit,aswin,01
2026-04-19T18:59:22.168,,180.69,-79.81,49.00,,,,,,,stand_to_sit,aswin,01
2026-04-19T18:59:22.200,,180.69,-79.88,49.06,,,,,,,stand_to_sit,aswin,01
2026-04-19T18:59:22.233,,180.69,-79.81,49.00,,,,,,,stand_to_sit,aswin,01
2026-04-19T18:59:22.265,,180.69,-79.81,48.88,,,,,,,stand_to_sit,aswin,01
2026-04-19T18:59:22.296,,180.69,-79.81,48.88,,,,,,,stand_to_sit,aswin,01
2026-04-19T18:59:22.327,,180.69,-79.81,48.88,,,,,,,stand_to_sit,aswin,01
2026-04-19T18:59:22.359,,180.69,-79.81,48.88,,,,,,,stand_to_sit,aswin,01
2026-04-19T18:59:22.389,,180.69,-79.81,48.88,,,,,,,stand_to_sit,aswin,01
2026-04-19T18:59:22.420,,180.69,-79.81,48.88,,,,,,,stand_to_sit,aswin,01
2026-04-19T18:59:22.452,,180.69,-79.81,48.88,,,,,,,stand_to_sit,aswin,01
2026-04-19T18:59:22.485,,180.69,-79.88,48.94,,,,,,,stand_to_sit,aswin,01
2026-04-19T18:59:22.516,,180.62,-79.88,48.94,,,,,,,stand_to_sit,aswin,01
2026-04-19T18:59:22.546,,180.62,-79.88,48.94,,,,,,,stand_to_sit,aswin,01
2026-04-19T18:59:22.579,,180.69,-79.88,49.00,,,,,,,stand_to_sit,aswin,01
2026-04-19T18:59:22.608,,180.69,-79.81,48.94,,,,,,,stand_to_sit,aswin,01
2026-04-19T18:59:22.642,,180.69,-79.81,48.88,,,,,,,stand_to_sit,aswin,01
2026-04-19T18:59:22.672,,180.62,-79.75,48.69,,,,,,,stand_to_sit,aswin,01
2026-04-19T18:59:22.704,,180.62,-79.75,48.56,,,,,,,stand_to_sit,aswin,01
2026-04-19T18:59:22.755,,180.62,-79.75,48.31,,,,,,,stand_to_sit,aswin,01
2026-04-19T18:59:22.767,,180.56,-79.88,48.44,,,,,,,stand_to_sit,aswin,01
2026-04-19T18:59:22.798,,180.50,-80.00,48.38,,,,,,,stand_to_sit,aswin,01
2026-04-19T18:59:22.829,,180.38,-80.19,48.25,,,,,,,stand_to_sit,aswin,01
2026-04-19T18:59:22.860,,180.19,-80.44,48.38,,,,,,,stand_to_sit,aswin,01
2026-04-19T18:59:22.893,,180.19,-80.38,48.38,,,,,,,stand_to_sit,aswin,01
2026-04-19T18:59:22.924,,180.12,-80.25,48.19,,,,,,,stand_to_sit,aswin,01
2026-04-19T18:59:22.957,,180.00,-80.06,47.44,,,,,,,stand_to_sit,aswin,01
2026-04-19T18:59:22.988,,179.75,-79.81,46.25,,,,,,,stand_to_sit,aswin,01
2026-04-19T18:59:23.019,,179.50,-79.62,45.31,,,,,,,stand_to_sit,aswin,01
2026-04-19T18:59:23.050,,179.25,-79.38,44.38,,,,,,,stand_to_sit,aswin,01
2026-04-19T18:59:23.081,,179.00,-79.00,43.56,,,,,,,stand_to_sit,aswin,01
2026-04-19T18:59:23.114,,178.88,-78.56,43.25,,,,,,,stand_to_sit,aswin,01
2026-04-19T18:59:23.146,,178.94,-78.06,43.56,,,,,,,stand_to_sit,aswin,01
2026-04-19T18:59:23.178,,179.12,-77.56,44.44,,,,,,,stand_to_sit,aswin,01
2026-04-19T18:59:23.209,,179.31,-77.06,45.81,,,,,,,stand_to_sit,aswin,01
2026-04-19T18:59:23.240,,179.31,-76.94,46.56,,,,,,,stand_to_sit,aswin,01
2026-04-19T18:59:23.272,,179.38,-77.00,47.50,,,,,,,stand_to_sit,aswin,01
2026-04-19T18:59:23.302,,179.62,-77.25,48.56,,,,,,,stand_to_sit,aswin,01
2026-04-19T18:59:23.335,,179.81,-77.50,49.31,,,,,,,stand_to_sit,aswin,01
2026-04-19T18:59:23.365,,179.56,-77.69,49.31,,,,,,,stand_to_sit,aswin,01
2026-04-19T18:59:23.397,,179.12,-77.81,48.75,,,,,,,stand_to_sit,aswin,01
2026-04-19T18:59:23.431,,178.69,-78.06,47.94,,,,,,,stand_to_sit,aswin,01
2026-04-19T18:59:23.460,,178.12,-78.56,46.75,,,,,,,stand_to_sit,aswin,01
2026-04-19T18:59:23.491,,177.69,-79.12,45.38,,,,,,,stand_to_sit,aswin,01
2026-04-19T18:59:23.523,,177.25,-79.69,43.44,,,,,,,stand_to_sit,aswin,01
2026-04-19T18:59:23.552,,176.75,-80.12,41.19,,,,,,,stand_to_sit,aswin,01
2026-04-19T18:59:23.584,,176.19,-80.44,38.94,,,,,,,stand_to_sit,aswin,01
2026-04-19T18:59:23.618,,175.69,-80.69,36.94,,,,,,,stand_to_sit,aswin,01
2026-04-19T18:59:23.649,,175.44,-80.88,35.25,,,,,,,stand_to_sit,aswin,01
2026-04-19T18:59:23.681,,175.44,-81.06,33.62,,,,,,,stand_to_sit,aswin,01
2026-04-19T18:59:23.713,,175.50,-81.12,32.75,,,,,,,stand_to_sit,aswin,01
2026-04-19T18:59:23.743,,175.56,-81.25,31.94,,,,,,,stand_to_sit,aswin,01
2026-04-19T18:59:23.773,,175.44,-81.31,30.88,,,,,,,stand_to_sit,aswin,01
2026-04-19T18:59:23.805,,175.25,-81.31,30.12,,,,,,,stand_to_sit,aswin,01
2026-04-19T18:59:23.838,,175.19,-81.25,29.62,,,,,,,stand_to_sit,aswin,01
2026-04-19T18:59:23.868,,175.31,-81.19,29.50,,,,,,,stand_to_sit,aswin,01
2026-04-19T18:59:23.902,,175.44,-81.12,29.94,,,,,,,stand_to_sit,aswin,01
2026-04-19T18:59:23.932,,175.75,-81.00,31.38,,,,,,,stand_to_sit,aswin,01
2026-04-19T18:59:23.963,,176.06,-80.88,33.00,,,,,,,stand_to_sit,aswin,01
2026-04-19T18:59:23.994,,176.50,-80.69,35.19,,,,,,,stand_to_sit,aswin,01
2026-04-19T18:59:24.025,,177.00,-80.44,38.06,,,,,,,stand_to_sit,aswin,01
2026-04-19T18:59:24.059,,177.62,-80.19,40.88,,,,,,,stand_to_sit,aswin,01
2026-04-19T18:59:24.089,,178.12,-79.94,43.38,,,,,,,stand_to_sit,aswin,01
2026-04-19T18:59:24.123,,178.56,-79.81,45.44,,,,,,,stand_to_sit,aswin,01
2026-04-19T18:59:24.153,,178.94,-79.69,47.75,,,,,,,stand_to_sit,aswin,01
2026-04-19T18:59:24.184,,179.12,-79.69,49.06,,,,,,,stand_to_sit,aswin,01
2026-04-19T18:59:24.216,,179.12,-79.81,50.00,,,,,,,stand_to_sit,aswin,01
2026-04-19T18:59:24.246,,179.12,-79.94,50.69,,,,,,,stand_to_sit,aswin,01
2026-04-19T18:59:24.277,,179.06,-80.19,51.25,,,,,,,stand_to_sit,aswin,01
2026-04-19T18:59:24.309,,178.88,-80.44,51.69,,,,,,,stand_to_sit,aswin,01
2026-04-19T18:59:24.343,,178.75,-80.69,52.12,,,,,,,stand_to_sit,aswin,01
2026-04-19T18:59:24.373,,178.62,-81.00,52.56,,,,,,,stand_to_sit,aswin,01
2026-04-19T18:59:24.403,,178.44,-81.25,53.31,,,,,,,stand_to_sit,aswin,01
2026-04-19T18:59:24.434,,178.44,-81.38,53.94,,,,,,,stand_to_sit,aswin,01
2026-04-19T18:59:24.466,,178.38,-81.50,54.62,,,,,,,stand_to_sit,aswin,01
2026-04-19T18:59:24.496,,178.38,-81.56,55.25,,,,,,,stand_to_sit,aswin,01
2026-04-19T18:59:24.530,,178.38,-81.62,55.75,,,,,,,stand_to_sit,aswin,01
2026-04-19T18:59:24.561,,178.38,-81.69,56.12,,,,,,,stand_to_sit,aswin,01
2026-04-19T18:59:24.591,,178.31,-81.81,56.25,,,,,,,stand_to_sit,aswin,01
2026-04-19T18:59:24.626,,178.19,-81.94,56.19,,,,,,,stand_to_sit,aswin,01
2026-04-19T18:59:24.655,,178.06,-82.06,55.88,,,,,,,stand_to_sit,aswin,01
2026-04-19T18:59:24.700,,178.00,-82.12,55.56,,,,,,,stand_to_sit,aswin,01
2026-04-19T18:59:24.980,,177.88,-82.25,55.12,,,,,,,stand_to_sit,aswin,01
2026-04-19T18:59:24.980,,177.75,-82.31,54.81,,,,,,,stand_to_sit,aswin,01
2026-04-19T18:59:24.980,,177.75,-82.31,54.81,,,,,,,stand_to_sit,aswin,01
2026-04-19T18:59:24.981,,177.75,-82.25,55.19,,,,,,,stand_to_sit,aswin,01
2026-04-19T18:59:24.981,,177.88,-82.19,55.81,,,,,,,stand_to_sit,aswin,01
2026-04-19T18:59:24.981,,178.06,-82.00,56.38,,,,,,,stand_to_sit,aswin,01
2026-04-19T18:59:24.981,,178.25,-81.75,56.88,,,,,,,stand_to_sit,aswin,01
2026-04-19T18:59:24.981,,178.38,-81.56,57.00,,,,,,,stand_to_sit,aswin,01
2026-04-19T18:59:24.981,,178.50,-81.44,56.81,,,,,,,stand_to_sit,aswin,01
2026-04-19T18:59:24.999,,178.56,-81.31,56.44,,,,,,,stand_to_sit,aswin,01
2026-04-19T18:59:25.060,,178.56,-81.19,55.88,,,,,,,stand_to_sit,aswin,01
2026-04-19T18:59:25.064,,178.62,-81.06,55.31,,,,,,,stand_to_sit,aswin,01
2026-04-19T18:59:25.142,,178.62,-80.94,54.50,,,,,,,stand_to_sit,aswin,01
2026-04-19T18:59:25.143,,178.62,-80.81,53.75,,,,,,,stand_to_sit,aswin,01
2026-04-19T18:59:25.157,,178.62,-80.62,52.88,,,,,,,stand_to_sit,aswin,01
2026-04-19T18:59:25.223,,178.69,-80.50,52.44,,,,,,,stand_to_sit,aswin,01
2026-04-19T18:59:25.223,,178.69,-80.38,52.12,,,,,,,stand_to_sit,aswin,01
2026-04-19T18:59:25.268,,178.75,-80.25,51.94,,,,,,,stand_to_sit,aswin,01
2026-04-19T18:59:25.287,,178.81,-80.12,51.94,,,,,,,stand_to_sit,aswin,01
2026-04-19T18:59:25.313,,179.00,-80.06,52.19,,,,,,,stand_to_sit,aswin,01
2026-04-19T18:59:25.349,,179.19,-79.88,52.75,,,,,,,stand_to_sit,aswin,01
2026-04-19T18:59:25.377,,179.31,-79.62,53.06,,,,,,,stand_to_sit,aswin,01
2026-04-19T18:59:25.407,,179.50,-79.44,53.31,,,,,,,stand_to_sit,aswin,01
2026-04-19T18:59:25.439,,179.62,-79.25,53.88,,,,,,,stand_to_sit,aswin,01
2026-04-19T18:59:25.471,,179.81,-79.12,54.44,,,,,,,stand_to_sit,aswin,01
2026-04-19T18:59:25.500,,180.00,-78.94,54.75,,,,,,,stand_to_sit,aswin,01
2026-04-19T18:59:25.533,,180.25,-78.88,55.06,,,,,,,stand_to_sit,aswin,01
2026-04-19T18:59:25.565,,180.44,-78.69,55.31,,,,,,,stand_to_sit,aswin,01
2026-04-19T18:59:25.595,,180.56,-78.50,55.38,,,,,,,stand_to_sit,aswin,01
2026-04-19T18:59:25.628,,180.75,-78.38,55.50,,,,,,,stand_to_sit,aswin,01
2026-04-19T18:59:25.663,,181.00,-78.25,56.06,,,,,,,stand_to_sit,aswin,01
2026-04-19T18:59:25.690,,181.19,-78.12,56.44,,,,,,,stand_to_sit,aswin,01
2026-04-19T18:59:25.722,,181.31,-78.06,56.81,,,,,,,stand_to_sit,aswin,01
2026-04-19T18:59:25.752,,181.38,-78.00,56.81,,,,,,,stand_to_sit,aswin,01
2026-04-19T18:59:25.783,,181.12,-77.94,56.38,,,,,,,stand_to_sit,aswin,01
2026-04-19T18:59:25.816,,180.88,-78.00,55.81,,,,,,,stand_to_sit,aswin,01
2026-04-19T18:59:25.848,,180.56,-78.06,55.38,,,,,,,stand_to_sit,aswin,01
2026-04-19T18:59:25.882,,180.25,-78.25,54.94,,,,,,,stand_to_sit,aswin,01
2026-04-19T18:59:25.911,,179.81,-78.62,54.25,,,,,,,stand_to_sit,aswin,01
2026-04-19T18:59:25.941,,179.56,-79.06,53.81,,,,,,,stand_to_sit,aswin,01
2026-04-19T18:59:25.972,,179.31,-79.56,53.44,,,,,,,stand_to_sit,aswin,01
2026-04-19T18:59:26.003,,179.12,-80.00,52.94,,,,,,,stand_to_sit,aswin,01
2026-04-19T18:59:26.034,,179.00,-80.50,52.25,,,,,,,stand_to_sit,aswin,01
2026-04-19T18:59:26.067,,178.81,-80.81,51.19,,,,,,,stand_to_sit,aswin,01
2026-04-19T18:59:26.099,,178.56,-81.00,49.88,,,,,,,stand_to_sit,aswin,01
2026-04-19T18:59:26.130,,178.31,-81.00,48.69,,,,,,,stand_to_sit,aswin,01
2026-04-19T18:59:26.163,,178.00,-81.00,47.81,,,,,,,stand_to_sit,aswin,01
2026-04-19T18:59:26.193,,178.06,-81.00,48.00,,,,,,,stand_to_sit,aswin,01
2026-04-19T18:59:26.223,,178.19,-81.00,48.69,,,,,,,stand_to_sit,aswin,01
2026-04-19T18:59:26.255,,178.38,-81.06,49.31,,,,,,,stand_to_sit,aswin,01
2026-04-19T18:59:26.285,,178.50,-81.12,49.75,,,,,,,stand_to_sit,aswin,01
2026-04-19T18:59:26.317,,178.50,-81.25,49.88,,,,,,,stand_to_sit,aswin,01
2026-04-19T18:59:26.352,,178.50,-81.25,49.75,,,,,,,stand_to_sit,aswin,01
2026-04-19T18:59:26.383,,178.44,-81.31,49.75,,,,,,,stand_to_sit,aswin,01
2026-04-19T18:59:26.412,,178.50,-81.38,50.00,,,,,,,stand_to_sit,aswin,01
2026-04-19T18:59:26.445,,178.56,-81.44,50.38,,,,,,,stand_to_sit,aswin,01
2026-04-19T18:59:26.476,,178.62,-81.50,50.69,,,,,,,stand_to_sit,aswin,01
2026-04-19T18:59:26.505,,178.62,-81.50,50.75,,,,,,,stand_to_sit,aswin,01
2026-04-19T18:59:26.536,,178.56,-81.50,50.56,,,,,,,stand_to_sit,aswin,01
2026-04-19T18:59:26.570,,178.50,-81.44,50.31,,,,,,,stand_to_sit,aswin,01
2026-04-19T18:59:26.605,,178.50,-81.44,50.19,,,,,,,stand_to_sit,aswin,01
2026-04-19T18:59:26.632,,178.56,-81.44,50.50,,,,,,,stand_to_sit,aswin,01
2026-04-19T18:59:26.668,,178.62,-81.50,50.62,,,,,,,stand_to_sit,aswin,01
2026-04-19T18:59:26.695,,178.62,-81.50,50.69,,,,,,,stand_to_sit,aswin,01
2026-04-19T18:59:26.726,,178.62,-81.50,50.75,,,,,,,stand_to_sit,aswin,01
2026-04-19T18:59:26.756,,178.62,-81.50,50.75,,,,,,,stand_to_sit,aswin,01
2026-04-19T18:59:26.787,,178.62,-81.50,50.69,,,,,,,stand_to_sit,aswin,01
2026-04-19T18:59:26.821,,178.62,-81.50,50.75,,,,,,,stand_to_sit,aswin,01
2026-04-19T18:59:26.853,,178.62,-81.50,50.75,,,,,,,stand_to_sit,aswin,01
2026-04-19T18:59:26.884,,178.62,-81.56,50.81,,,,,,,stand_to_sit,aswin,01
2026-04-19T18:59:26.915,,178.62,-81.56,50.88,,,,,,,stand_to_sit,aswin,01
2026-04-19T18:59:26.946,,178.62,-81.56,50.94,,,,,,,stand_to_sit,aswin,01
2026-04-19T18:59:26.978,,178.62,-81.56,50.94,,,,,,,stand_to_sit,aswin,01
2026-04-19T18:59:27.008,,178.62,-81.56,50.94,,,,,,,stand_to_sit,aswin,01
2026-04-19T18:59:27.039,,178.62,-81.56,51.00,,,,,,,stand_to_sit,aswin,01
2026-04-19T18:59:27.073,,178.62,-81.56,51.00,,,,,,,stand_to_sit,aswin,01
2026-04-19T18:59:27.104,,178.62,-81.56,50.94,,,,,,,stand_to_sit,aswin,01
2026-04-19T18:59:27.135,,178.62,-81.56,50.88,,,,,,,stand_to_sit,aswin,01
2026-04-19T18:59:27.166,,178.62,-81.56,50.94,,,,,,,stand_to_sit,aswin,01
2026-04-19T18:59:27.197,,178.62,-81.56,50.94,,,,,,,stand_to_sit,aswin,01
2026-04-19T18:59:27.228,,178.62,-81.50,50.88,,,,,,,stand_to_sit,aswin,01
2026-04-19T18:59:27.275,,178.62,-81.44,50.69,,,,,,,stand_to_sit,aswin,01
2026-04-19T18:59:27.290,,178.62,-81.38,50.62,,,,,,,stand_to_sit,aswin,01
2026-04-19T18:59:27.322,,178.69,-81.38,50.62,,,,,,,stand_to_sit,aswin,01
2026-04-19T18:59:27.355,,178.69,-81.31,50.62,,,,,,,stand_to_sit,aswin,01
2026-04-19T18:59:27.385,,178.69,-81.31,50.56,,,,,,,stand_to_sit,aswin,01
2026-04-19T18:59:27.418,,178.69,-81.25,50.50,,,,,,,stand_to_sit,aswin,01
2026-04-19T18:59:27.447,,178.69,-81.19,50.44,,,,,,,stand_to_sit,aswin,01
2026-04-19T18:59:27.497,,178.69,-81.12,50.38,,,,,,,stand_to_sit,aswin,01
2026-04-19T18:59:27.509,,178.69,-81.06,50.25,,,,,,,stand_to_sit,aswin,01
2026-04-19T18:59:27.541,,178.69,-81.00,50.06,,,,,,,stand_to_sit,aswin,01
2026-04-19T18:59:27.573,,178.62,-80.94,49.81,,,,,,,stand_to_sit,aswin,01
2026-04-19T18:59:27.605,,178.62,-80.81,49.56,,,,,,,stand_to_sit,aswin,01
2026-04-19T18:59:27.638,,178.56,-80.75,49.25,,,,,,,stand_to_sit,aswin,01
2026-04-19T18:59:27.667,,178.50,-80.62,48.75,,,,,,,stand_to_sit,aswin,01
2026-04-19T18:59:27.717,,178.44,-80.50,48.25,,,,,,,stand_to_sit,aswin,01
2026-04-19T18:59:27.730,,178.31,-80.31,47.75,,,,,,,stand_to_sit,aswin,01
2026-04-19T18:59:27.761,,178.19,-80.19,47.25,,,,,,,stand_to_sit,aswin,01
2026-04-19T18:59:27.792,,178.12,-80.06,46.81,,,,,,,stand_to_sit,aswin,01
2026-04-19T18:59:27.825,,178.06,-79.94,46.50,,,,,,,stand_to_sit,aswin,01
2026-04-19T18:59:27.855,,178.06,-79.88,46.31,,,,,,,stand_to_sit,aswin,01
2026-04-19T18:59:27.889,,178.06,-79.81,46.25,,,,,,,stand_to_sit,aswin,01
2026-04-19T18:59:27.939,,178.06,-79.75,46.12,,,,,,,stand_to_sit,aswin,01
2026-04-19T18:59:27.950,,178.06,-79.69,46.06,,,,,,,stand_to_sit,aswin,01
2026-04-19T18:59:27.982,,178.06,-79.69,46.06,,,,,,,stand_to_sit,aswin,01
2026-04-19T18:59:28.016,,178.06,-79.69,45.94,,,,,,,stand_to_sit,aswin,01
2026-04-19T18:59:28.043,,178.06,-79.69,45.94,,,,,,,stand_to_sit,aswin,01
2026-04-19T18:59:28.075,,178.06,-79.69,45.94,,,,,,,stand_to_sit,aswin,01
2026-04-19T18:59:28.108,,178.06,-79.69,45.94,,,,,,,stand_to_sit,aswin,01
